// 
// Generated by meta_programs/parse_dfa.c using meta_programs/c.dfa
// 

enum dfa_states{
    DFA_STATE_default = 0,
    DFA_STATE_whitespace = 1,
    DFA_STATE_backslash = 2,
    DFA_STATE_equal = 3,
    DFA_STATE_not = 4,
    DFA_STATE_xor = 5,
    DFA_STATE_times = 6,
    DFA_STATE_mod = 7,
    DFA_STATE_slash = 8,
    DFA_STATE_line_comment = 9,
    DFA_STATE_block_comment = 10,
    DFA_STATE_block_comment_star = 11,
    DFA_STATE_hash = 12,
    DFA_STATE_dot = 13,
    DFA_STATE_dotdot = 14,
    DFA_STATE_bigger = 15,
    DFA_STATE_rshift = 16,
    DFA_STATE_smaller = 17,
    DFA_STATE_lshift = 18,
    DFA_STATE_plus = 19,
    DFA_STATE_minus = 20,
    DFA_STATE_and = 21,
    DFA_STATE_or = 22,
    DFA_STATE_char = 23,
    DFA_STATE_char_escaped = 24,
    DFA_STATE_string = 25,
    DFA_STATE_string_escaped = 26,
    DFA_STATE_wide = 27,
    DFA_STATE_utf8_string = 28,
    DFA_STATE_utf8_string_u8 = 29,
    DFA_STATE_pp_zero = 30,
    DFA_STATE_pp_integer = 31,
    DFA_STATE_pp_hex = 32,
    DFA_STATE_pp_float = 33,
    DFA_STATE_pp_float_ep = 34,
    DFA_STATE_identifier = 35,
    
    DFA_STATE_count = 64,
};

static u8 dfa[256][DFA_STATE_count] = {
    /*0x00*/{0x00, 0x00, 0x00, 0x00, 0x00, 0x00, 0x00, 0x00, 0x00, 0x09, 0x0a, 0x0a, 0x00, 0x00, 0x00, 0x00, 0x00, 0x00, 0x00, 0x00, 0x00, 0x00, 0x00, 0x17, 0x17, 0x19, 0x19, 0x00, 0x00, 0x00, 0x00, 0x00, 0x00, 0x00, 0x00, 0x00, },
    /*0x01*/{0x00, 0x00, 0x00, 0x00, 0x00, 0x00, 0x00, 0x00, 0x00, 0x09, 0x0a, 0x0a, 0x00, 0x00, 0x00, 0x00, 0x00, 0x00, 0x00, 0x00, 0x00, 0x00, 0x00, 0x17, 0x17, 0x19, 0x19, 0x00, 0x00, 0x00, 0x00, 0x00, 0x00, 0x00, 0x00, 0x00, },
    /*0x02*/{0x00, 0x00, 0x00, 0x00, 0x00, 0x00, 0x00, 0x00, 0x00, 0x09, 0x0a, 0x0a, 0x00, 0x00, 0x00, 0x00, 0x00, 0x00, 0x00, 0x00, 0x00, 0x00, 0x00, 0x17, 0x17, 0x19, 0x19, 0x00, 0x00, 0x00, 0x00, 0x00, 0x00, 0x00, 0x00, 0x00, },
    /*0x03*/{0x00, 0x00, 0x00, 0x00, 0x00, 0x00, 0x00, 0x00, 0x00, 0x09, 0x0a, 0x0a, 0x00, 0x00, 0x00, 0x00, 0x00, 0x00, 0x00, 0x00, 0x00, 0x00, 0x00, 0x17, 0x17, 0x19, 0x19, 0x00, 0x00, 0x00, 0x00, 0x00, 0x00, 0x00, 0x00, 0x00, },
    /*0x04*/{0x00, 0x00, 0x00, 0x00, 0x00, 0x00, 0x00, 0x00, 0x00, 0x09, 0x0a, 0x0a, 0x00, 0x00, 0x00, 0x00, 0x00, 0x00, 0x00, 0x00, 0x00, 0x00, 0x00, 0x17, 0x17, 0x19, 0x19, 0x00, 0x00, 0x00, 0x00, 0x00, 0x00, 0x00, 0x00, 0x00, },
    /*0x05*/{0x00, 0x00, 0x00, 0x00, 0x00, 0x00, 0x00, 0x00, 0x00, 0x09, 0x0a, 0x0a, 0x00, 0x00, 0x00, 0x00, 0x00, 0x00, 0x00, 0x00, 0x00, 0x00, 0x00, 0x17, 0x17, 0x19, 0x19, 0x00, 0x00, 0x00, 0x00, 0x00, 0x00, 0x00, 0x00, 0x00, },
    /*0x06*/{0x00, 0x00, 0x00, 0x00, 0x00, 0x00, 0x00, 0x00, 0x00, 0x09, 0x0a, 0x0a, 0x00, 0x00, 0x00, 0x00, 0x00, 0x00, 0x00, 0x00, 0x00, 0x00, 0x00, 0x17, 0x17, 0x19, 0x19, 0x00, 0x00, 0x00, 0x00, 0x00, 0x00, 0x00, 0x00, 0x00, },
    /*0x07*/{0x00, 0x00, 0x00, 0x00, 0x00, 0x00, 0x00, 0x00, 0x00, 0x09, 0x0a, 0x0a, 0x00, 0x00, 0x00, 0x00, 0x00, 0x00, 0x00, 0x00, 0x00, 0x00, 0x00, 0x17, 0x17, 0x19, 0x19, 0x00, 0x00, 0x00, 0x00, 0x00, 0x00, 0x00, 0x00, 0x00, },
    /*0x08*/{0x00, 0x00, 0x00, 0x00, 0x00, 0x00, 0x00, 0x00, 0x00, 0x09, 0x0a, 0x0a, 0x00, 0x00, 0x00, 0x00, 0x00, 0x00, 0x00, 0x00, 0x00, 0x00, 0x00, 0x17, 0x17, 0x19, 0x19, 0x00, 0x00, 0x00, 0x00, 0x00, 0x00, 0x00, 0x00, 0x00, },
    /*0x09*/{0x01, 0x01, 0x02, 0x01, 0x01, 0x01, 0x01, 0x01, 0x01, 0x09, 0x0a, 0x0a, 0x01, 0x01, 0x01, 0x01, 0x01, 0x01, 0x01, 0x01, 0x01, 0x01, 0x01, 0x17, 0x17, 0x19, 0x19, 0x01, 0x01, 0x01, 0x01, 0x01, 0x01, 0x01, 0x01, 0x01, },
    /*0x0a*/{0x00, 0x00, 0x01, 0x00, 0x00, 0x00, 0x00, 0x00, 0x00, 0x00, 0x0a, 0x0a, 0x00, 0x00, 0x00, 0x00, 0x00, 0x00, 0x00, 0x00, 0x00, 0x00, 0x00, 0x00, 0x17, 0x00, 0x19, 0x00, 0x00, 0x00, 0x00, 0x00, 0x00, 0x00, 0x00, 0x00, },
    /*0x0b*/{0x01, 0x01, 0x02, 0x01, 0x01, 0x01, 0x01, 0x01, 0x01, 0x09, 0x0a, 0x0a, 0x01, 0x01, 0x01, 0x01, 0x01, 0x01, 0x01, 0x01, 0x01, 0x01, 0x01, 0x17, 0x17, 0x19, 0x19, 0x01, 0x01, 0x01, 0x01, 0x01, 0x01, 0x01, 0x01, 0x01, },
    /*0x0c*/{0x01, 0x01, 0x02, 0x01, 0x01, 0x01, 0x01, 0x01, 0x01, 0x09, 0x0a, 0x0a, 0x01, 0x01, 0x01, 0x01, 0x01, 0x01, 0x01, 0x01, 0x01, 0x01, 0x01, 0x17, 0x17, 0x19, 0x19, 0x01, 0x01, 0x01, 0x01, 0x01, 0x01, 0x01, 0x01, 0x01, },
    /*0x0d*/{0x01, 0x01, 0x02, 0x01, 0x01, 0x01, 0x01, 0x01, 0x01, 0x09, 0x0a, 0x0a, 0x01, 0x01, 0x01, 0x01, 0x01, 0x01, 0x01, 0x01, 0x01, 0x01, 0x01, 0x17, 0x18, 0x19, 0x1a, 0x01, 0x01, 0x01, 0x01, 0x01, 0x01, 0x01, 0x01, 0x01, },
    /*0x0e*/{0x00, 0x00, 0x00, 0x00, 0x00, 0x00, 0x00, 0x00, 0x00, 0x09, 0x0a, 0x0a, 0x00, 0x00, 0x00, 0x00, 0x00, 0x00, 0x00, 0x00, 0x00, 0x00, 0x00, 0x17, 0x17, 0x19, 0x19, 0x00, 0x00, 0x00, 0x00, 0x00, 0x00, 0x00, 0x00, 0x00, },
    /*0x0f*/{0x00, 0x00, 0x00, 0x00, 0x00, 0x00, 0x00, 0x00, 0x00, 0x09, 0x0a, 0x0a, 0x00, 0x00, 0x00, 0x00, 0x00, 0x00, 0x00, 0x00, 0x00, 0x00, 0x00, 0x17, 0x17, 0x19, 0x19, 0x00, 0x00, 0x00, 0x00, 0x00, 0x00, 0x00, 0x00, 0x00, },
    /*0x10*/{0x00, 0x00, 0x00, 0x00, 0x00, 0x00, 0x00, 0x00, 0x00, 0x09, 0x0a, 0x0a, 0x00, 0x00, 0x00, 0x00, 0x00, 0x00, 0x00, 0x00, 0x00, 0x00, 0x00, 0x17, 0x17, 0x19, 0x19, 0x00, 0x00, 0x00, 0x00, 0x00, 0x00, 0x00, 0x00, 0x00, },
    /*0x11*/{0x00, 0x00, 0x00, 0x00, 0x00, 0x00, 0x00, 0x00, 0x00, 0x09, 0x0a, 0x0a, 0x00, 0x00, 0x00, 0x00, 0x00, 0x00, 0x00, 0x00, 0x00, 0x00, 0x00, 0x17, 0x17, 0x19, 0x19, 0x00, 0x00, 0x00, 0x00, 0x00, 0x00, 0x00, 0x00, 0x00, },
    /*0x12*/{0x00, 0x00, 0x00, 0x00, 0x00, 0x00, 0x00, 0x00, 0x00, 0x09, 0x0a, 0x0a, 0x00, 0x00, 0x00, 0x00, 0x00, 0x00, 0x00, 0x00, 0x00, 0x00, 0x00, 0x17, 0x17, 0x19, 0x19, 0x00, 0x00, 0x00, 0x00, 0x00, 0x00, 0x00, 0x00, 0x00, },
    /*0x13*/{0x00, 0x00, 0x00, 0x00, 0x00, 0x00, 0x00, 0x00, 0x00, 0x09, 0x0a, 0x0a, 0x00, 0x00, 0x00, 0x00, 0x00, 0x00, 0x00, 0x00, 0x00, 0x00, 0x00, 0x17, 0x17, 0x19, 0x19, 0x00, 0x00, 0x00, 0x00, 0x00, 0x00, 0x00, 0x00, 0x00, },
    /*0x14*/{0x00, 0x00, 0x00, 0x00, 0x00, 0x00, 0x00, 0x00, 0x00, 0x09, 0x0a, 0x0a, 0x00, 0x00, 0x00, 0x00, 0x00, 0x00, 0x00, 0x00, 0x00, 0x00, 0x00, 0x17, 0x17, 0x19, 0x19, 0x00, 0x00, 0x00, 0x00, 0x00, 0x00, 0x00, 0x00, 0x00, },
    /*0x15*/{0x00, 0x00, 0x00, 0x00, 0x00, 0x00, 0x00, 0x00, 0x00, 0x09, 0x0a, 0x0a, 0x00, 0x00, 0x00, 0x00, 0x00, 0x00, 0x00, 0x00, 0x00, 0x00, 0x00, 0x17, 0x17, 0x19, 0x19, 0x00, 0x00, 0x00, 0x00, 0x00, 0x00, 0x00, 0x00, 0x00, },
    /*0x16*/{0x00, 0x00, 0x00, 0x00, 0x00, 0x00, 0x00, 0x00, 0x00, 0x09, 0x0a, 0x0a, 0x00, 0x00, 0x00, 0x00, 0x00, 0x00, 0x00, 0x00, 0x00, 0x00, 0x00, 0x17, 0x17, 0x19, 0x19, 0x00, 0x00, 0x00, 0x00, 0x00, 0x00, 0x00, 0x00, 0x00, },
    /*0x17*/{0x00, 0x00, 0x00, 0x00, 0x00, 0x00, 0x00, 0x00, 0x00, 0x09, 0x0a, 0x0a, 0x00, 0x00, 0x00, 0x00, 0x00, 0x00, 0x00, 0x00, 0x00, 0x00, 0x00, 0x17, 0x17, 0x19, 0x19, 0x00, 0x00, 0x00, 0x00, 0x00, 0x00, 0x00, 0x00, 0x00, },
    /*0x18*/{0x00, 0x00, 0x00, 0x00, 0x00, 0x00, 0x00, 0x00, 0x00, 0x09, 0x0a, 0x0a, 0x00, 0x00, 0x00, 0x00, 0x00, 0x00, 0x00, 0x00, 0x00, 0x00, 0x00, 0x17, 0x17, 0x19, 0x19, 0x00, 0x00, 0x00, 0x00, 0x00, 0x00, 0x00, 0x00, 0x00, },
    /*0x19*/{0x00, 0x00, 0x00, 0x00, 0x00, 0x00, 0x00, 0x00, 0x00, 0x09, 0x0a, 0x0a, 0x00, 0x00, 0x00, 0x00, 0x00, 0x00, 0x00, 0x00, 0x00, 0x00, 0x00, 0x17, 0x17, 0x19, 0x19, 0x00, 0x00, 0x00, 0x00, 0x00, 0x00, 0x00, 0x00, 0x00, },
    /*0x1a*/{0x00, 0x00, 0x00, 0x00, 0x00, 0x00, 0x00, 0x00, 0x00, 0x09, 0x0a, 0x0a, 0x00, 0x00, 0x00, 0x00, 0x00, 0x00, 0x00, 0x00, 0x00, 0x00, 0x00, 0x17, 0x17, 0x19, 0x19, 0x00, 0x00, 0x00, 0x00, 0x00, 0x00, 0x00, 0x00, 0x00, },
    /*0x1b*/{0x00, 0x00, 0x00, 0x00, 0x00, 0x00, 0x00, 0x00, 0x00, 0x09, 0x0a, 0x0a, 0x00, 0x00, 0x00, 0x00, 0x00, 0x00, 0x00, 0x00, 0x00, 0x00, 0x00, 0x17, 0x17, 0x19, 0x19, 0x00, 0x00, 0x00, 0x00, 0x00, 0x00, 0x00, 0x00, 0x00, },
    /*0x1c*/{0x00, 0x00, 0x00, 0x00, 0x00, 0x00, 0x00, 0x00, 0x00, 0x09, 0x0a, 0x0a, 0x00, 0x00, 0x00, 0x00, 0x00, 0x00, 0x00, 0x00, 0x00, 0x00, 0x00, 0x17, 0x17, 0x19, 0x19, 0x00, 0x00, 0x00, 0x00, 0x00, 0x00, 0x00, 0x00, 0x00, },
    /*0x1d*/{0x00, 0x00, 0x00, 0x00, 0x00, 0x00, 0x00, 0x00, 0x00, 0x09, 0x0a, 0x0a, 0x00, 0x00, 0x00, 0x00, 0x00, 0x00, 0x00, 0x00, 0x00, 0x00, 0x00, 0x17, 0x17, 0x19, 0x19, 0x00, 0x00, 0x00, 0x00, 0x00, 0x00, 0x00, 0x00, 0x00, },
    /*0x1e*/{0x00, 0x00, 0x00, 0x00, 0x00, 0x00, 0x00, 0x00, 0x00, 0x09, 0x0a, 0x0a, 0x00, 0x00, 0x00, 0x00, 0x00, 0x00, 0x00, 0x00, 0x00, 0x00, 0x00, 0x17, 0x17, 0x19, 0x19, 0x00, 0x00, 0x00, 0x00, 0x00, 0x00, 0x00, 0x00, 0x00, },
    /*0x1f*/{0x00, 0x00, 0x00, 0x00, 0x00, 0x00, 0x00, 0x00, 0x00, 0x09, 0x0a, 0x0a, 0x00, 0x00, 0x00, 0x00, 0x00, 0x00, 0x00, 0x00, 0x00, 0x00, 0x00, 0x17, 0x17, 0x19, 0x19, 0x00, 0x00, 0x00, 0x00, 0x00, 0x00, 0x00, 0x00, 0x00, },
    /*0x20*/{0x01, 0x01, 0x02, 0x01, 0x01, 0x01, 0x01, 0x01, 0x01, 0x09, 0x0a, 0x0a, 0x01, 0x01, 0x01, 0x01, 0x01, 0x01, 0x01, 0x01, 0x01, 0x01, 0x01, 0x17, 0x17, 0x19, 0x19, 0x01, 0x01, 0x01, 0x01, 0x01, 0x01, 0x01, 0x01, 0x01, },
    /*0x21*/{0x04, 0x04, 0x04, 0x04, 0x04, 0x04, 0x04, 0x04, 0x04, 0x09, 0x0a, 0x0a, 0x04, 0x04, 0x04, 0x04, 0x04, 0x04, 0x04, 0x04, 0x04, 0x04, 0x04, 0x17, 0x17, 0x19, 0x19, 0x04, 0x04, 0x04, 0x04, 0x04, 0x04, 0x04, 0x04, 0x04, },
    /*0x22*/{0x19, 0x19, 0x19, 0x19, 0x19, 0x19, 0x19, 0x19, 0x19, 0x09, 0x0a, 0x0a, 0x19, 0x19, 0x19, 0x19, 0x19, 0x19, 0x19, 0x19, 0x19, 0x19, 0x19, 0x17, 0x17, 0x00, 0x19, 0x19, 0x19, 0x19, 0x19, 0x19, 0x19, 0x19, 0x19, 0x19, },
    /*0x23*/{0x0c, 0x0c, 0x0c, 0x0c, 0x0c, 0x0c, 0x0c, 0x0c, 0x0c, 0x09, 0x0a, 0x0a, 0x00, 0x0c, 0x0c, 0x0c, 0x0c, 0x0c, 0x0c, 0x0c, 0x0c, 0x0c, 0x0c, 0x17, 0x17, 0x19, 0x19, 0x0c, 0x0c, 0x0c, 0x0c, 0x0c, 0x0c, 0x0c, 0x0c, 0x0c, },
    /*0x24*/{0x23, 0x23, 0x23, 0x23, 0x23, 0x23, 0x23, 0x23, 0x23, 0x09, 0x0a, 0x0a, 0x23, 0x23, 0x23, 0x23, 0x23, 0x23, 0x23, 0x23, 0x23, 0x23, 0x23, 0x17, 0x17, 0x19, 0x19, 0x23, 0x23, 0x23, 0x1f, 0x1f, 0x20, 0x21, 0x21, 0x23, },
    /*0x25*/{0x07, 0x07, 0x07, 0x07, 0x07, 0x07, 0x07, 0x07, 0x07, 0x09, 0x0a, 0x0a, 0x07, 0x07, 0x07, 0x07, 0x07, 0x07, 0x07, 0x07, 0x07, 0x07, 0x07, 0x17, 0x17, 0x19, 0x19, 0x07, 0x07, 0x07, 0x07, 0x07, 0x07, 0x07, 0x07, 0x07, },
    /*0x26*/{0x15, 0x15, 0x15, 0x15, 0x15, 0x15, 0x15, 0x15, 0x15, 0x09, 0x0a, 0x0a, 0x15, 0x15, 0x15, 0x15, 0x15, 0x15, 0x15, 0x15, 0x15, 0x00, 0x15, 0x17, 0x17, 0x19, 0x19, 0x15, 0x15, 0x15, 0x15, 0x15, 0x15, 0x15, 0x15, 0x15, },
    /*0x27*/{0x17, 0x17, 0x17, 0x17, 0x17, 0x17, 0x17, 0x17, 0x17, 0x09, 0x0a, 0x0a, 0x17, 0x17, 0x17, 0x17, 0x17, 0x17, 0x17, 0x17, 0x17, 0x17, 0x17, 0x00, 0x17, 0x19, 0x19, 0x17, 0x17, 0x17, 0x1f, 0x1f, 0x20, 0x21, 0x21, 0x17, },
    /*0x28*/{0x00, 0x00, 0x00, 0x00, 0x00, 0x00, 0x00, 0x00, 0x00, 0x09, 0x0a, 0x0a, 0x00, 0x00, 0x00, 0x00, 0x00, 0x00, 0x00, 0x00, 0x00, 0x00, 0x00, 0x17, 0x17, 0x19, 0x19, 0x00, 0x00, 0x00, 0x00, 0x00, 0x00, 0x00, 0x00, 0x00, },
    /*0x29*/{0x00, 0x00, 0x00, 0x00, 0x00, 0x00, 0x00, 0x00, 0x00, 0x09, 0x0a, 0x0a, 0x00, 0x00, 0x00, 0x00, 0x00, 0x00, 0x00, 0x00, 0x00, 0x00, 0x00, 0x17, 0x17, 0x19, 0x19, 0x00, 0x00, 0x00, 0x00, 0x00, 0x00, 0x00, 0x00, 0x00, },
    /*0x2a*/{0x06, 0x06, 0x06, 0x06, 0x06, 0x06, 0x06, 0x06, 0x0a, 0x09, 0x0b, 0x0b, 0x06, 0x06, 0x06, 0x06, 0x06, 0x06, 0x06, 0x06, 0x06, 0x06, 0x06, 0x17, 0x17, 0x19, 0x19, 0x06, 0x06, 0x06, 0x06, 0x06, 0x06, 0x06, 0x06, 0x06, },
    /*0x2b*/{0x13, 0x13, 0x13, 0x13, 0x13, 0x13, 0x13, 0x13, 0x13, 0x09, 0x0a, 0x0a, 0x13, 0x13, 0x13, 0x13, 0x13, 0x13, 0x13, 0x00, 0x13, 0x13, 0x13, 0x17, 0x17, 0x19, 0x19, 0x13, 0x13, 0x13, 0x13, 0x13, 0x13, 0x13, 0x21, 0x13, },
    /*0x2c*/{0x00, 0x00, 0x00, 0x00, 0x00, 0x00, 0x00, 0x00, 0x00, 0x09, 0x0a, 0x0a, 0x00, 0x00, 0x00, 0x00, 0x00, 0x00, 0x00, 0x00, 0x00, 0x00, 0x00, 0x17, 0x17, 0x19, 0x19, 0x00, 0x00, 0x00, 0x00, 0x00, 0x00, 0x00, 0x00, 0x00, },
    /*0x2d*/{0x14, 0x14, 0x14, 0x14, 0x14, 0x14, 0x14, 0x14, 0x14, 0x09, 0x0a, 0x0a, 0x14, 0x14, 0x14, 0x14, 0x14, 0x14, 0x14, 0x14, 0x00, 0x14, 0x14, 0x17, 0x17, 0x19, 0x19, 0x14, 0x14, 0x14, 0x14, 0x14, 0x14, 0x14, 0x21, 0x14, },
    /*0x2e*/{0x0d, 0x0d, 0x0d, 0x0d, 0x0d, 0x0d, 0x0d, 0x0d, 0x0d, 0x09, 0x0a, 0x0a, 0x0d, 0x0e, 0x00, 0x0d, 0x0d, 0x0d, 0x0d, 0x0d, 0x0d, 0x0d, 0x0d, 0x17, 0x17, 0x19, 0x19, 0x0d, 0x0d, 0x0d, 0x21, 0x21, 0x21, 0x21, 0x21, 0x0d, },
    /*0x2f*/{0x08, 0x08, 0x08, 0x08, 0x08, 0x08, 0x08, 0x08, 0x09, 0x09, 0x0a, 0x00, 0x08, 0x08, 0x08, 0x08, 0x08, 0x08, 0x08, 0x08, 0x08, 0x08, 0x08, 0x17, 0x17, 0x19, 0x19, 0x08, 0x08, 0x08, 0x08, 0x08, 0x08, 0x08, 0x08, 0x08, },
    /*0x30*/{0x1e, 0x1e, 0x1e, 0x1e, 0x1e, 0x1e, 0x1e, 0x1e, 0x1e, 0x09, 0x0a, 0x0a, 0x1e, 0x21, 0x1e, 0x1e, 0x1e, 0x1e, 0x1e, 0x1e, 0x1e, 0x1e, 0x1e, 0x17, 0x17, 0x19, 0x19, 0x23, 0x23, 0x23, 0x1f, 0x1f, 0x20, 0x21, 0x21, 0x23, },
    /*0x31*/{0x1f, 0x1f, 0x1f, 0x1f, 0x1f, 0x1f, 0x1f, 0x1f, 0x1f, 0x09, 0x0a, 0x0a, 0x1f, 0x21, 0x1f, 0x1f, 0x1f, 0x1f, 0x1f, 0x1f, 0x1f, 0x1f, 0x1f, 0x17, 0x17, 0x19, 0x19, 0x23, 0x23, 0x23, 0x1f, 0x1f, 0x20, 0x21, 0x21, 0x23, },
    /*0x32*/{0x1f, 0x1f, 0x1f, 0x1f, 0x1f, 0x1f, 0x1f, 0x1f, 0x1f, 0x09, 0x0a, 0x0a, 0x1f, 0x21, 0x1f, 0x1f, 0x1f, 0x1f, 0x1f, 0x1f, 0x1f, 0x1f, 0x1f, 0x17, 0x17, 0x19, 0x19, 0x23, 0x23, 0x23, 0x1f, 0x1f, 0x20, 0x21, 0x21, 0x23, },
    /*0x33*/{0x1f, 0x1f, 0x1f, 0x1f, 0x1f, 0x1f, 0x1f, 0x1f, 0x1f, 0x09, 0x0a, 0x0a, 0x1f, 0x21, 0x1f, 0x1f, 0x1f, 0x1f, 0x1f, 0x1f, 0x1f, 0x1f, 0x1f, 0x17, 0x17, 0x19, 0x19, 0x23, 0x23, 0x23, 0x1f, 0x1f, 0x20, 0x21, 0x21, 0x23, },
    /*0x34*/{0x1f, 0x1f, 0x1f, 0x1f, 0x1f, 0x1f, 0x1f, 0x1f, 0x1f, 0x09, 0x0a, 0x0a, 0x1f, 0x21, 0x1f, 0x1f, 0x1f, 0x1f, 0x1f, 0x1f, 0x1f, 0x1f, 0x1f, 0x17, 0x17, 0x19, 0x19, 0x23, 0x23, 0x23, 0x1f, 0x1f, 0x20, 0x21, 0x21, 0x23, },
    /*0x35*/{0x1f, 0x1f, 0x1f, 0x1f, 0x1f, 0x1f, 0x1f, 0x1f, 0x1f, 0x09, 0x0a, 0x0a, 0x1f, 0x21, 0x1f, 0x1f, 0x1f, 0x1f, 0x1f, 0x1f, 0x1f, 0x1f, 0x1f, 0x17, 0x17, 0x19, 0x19, 0x23, 0x23, 0x23, 0x1f, 0x1f, 0x20, 0x21, 0x21, 0x23, },
    /*0x36*/{0x1f, 0x1f, 0x1f, 0x1f, 0x1f, 0x1f, 0x1f, 0x1f, 0x1f, 0x09, 0x0a, 0x0a, 0x1f, 0x21, 0x1f, 0x1f, 0x1f, 0x1f, 0x1f, 0x1f, 0x1f, 0x1f, 0x1f, 0x17, 0x17, 0x19, 0x19, 0x23, 0x23, 0x23, 0x1f, 0x1f, 0x20, 0x21, 0x21, 0x23, },
    /*0x37*/{0x1f, 0x1f, 0x1f, 0x1f, 0x1f, 0x1f, 0x1f, 0x1f, 0x1f, 0x09, 0x0a, 0x0a, 0x1f, 0x21, 0x1f, 0x1f, 0x1f, 0x1f, 0x1f, 0x1f, 0x1f, 0x1f, 0x1f, 0x17, 0x17, 0x19, 0x19, 0x23, 0x23, 0x23, 0x1f, 0x1f, 0x20, 0x21, 0x21, 0x23, },
    /*0x38*/{0x1f, 0x1f, 0x1f, 0x1f, 0x1f, 0x1f, 0x1f, 0x1f, 0x1f, 0x09, 0x0a, 0x0a, 0x1f, 0x21, 0x1f, 0x1f, 0x1f, 0x1f, 0x1f, 0x1f, 0x1f, 0x1f, 0x1f, 0x17, 0x17, 0x19, 0x19, 0x23, 0x1d, 0x23, 0x1f, 0x1f, 0x20, 0x21, 0x21, 0x23, },
    /*0x39*/{0x1f, 0x1f, 0x1f, 0x1f, 0x1f, 0x1f, 0x1f, 0x1f, 0x1f, 0x09, 0x0a, 0x0a, 0x1f, 0x21, 0x1f, 0x1f, 0x1f, 0x1f, 0x1f, 0x1f, 0x1f, 0x1f, 0x1f, 0x17, 0x17, 0x19, 0x19, 0x23, 0x23, 0x23, 0x1f, 0x1f, 0x20, 0x21, 0x21, 0x23, },
    /*0x3a*/{0x00, 0x00, 0x00, 0x00, 0x00, 0x00, 0x00, 0x00, 0x00, 0x09, 0x0a, 0x0a, 0x00, 0x00, 0x00, 0x00, 0x00, 0x00, 0x00, 0x00, 0x00, 0x00, 0x00, 0x17, 0x17, 0x19, 0x19, 0x00, 0x00, 0x00, 0x00, 0x00, 0x00, 0x00, 0x00, 0x00, },
    /*0x3b*/{0x00, 0x00, 0x00, 0x00, 0x00, 0x00, 0x00, 0x00, 0x00, 0x09, 0x0a, 0x0a, 0x00, 0x00, 0x00, 0x00, 0x00, 0x00, 0x00, 0x00, 0x00, 0x00, 0x00, 0x17, 0x17, 0x19, 0x19, 0x00, 0x00, 0x00, 0x00, 0x00, 0x00, 0x00, 0x00, 0x00, },
    /*0x3c*/{0x11, 0x11, 0x11, 0x11, 0x11, 0x11, 0x11, 0x11, 0x11, 0x09, 0x0a, 0x0a, 0x11, 0x11, 0x11, 0x11, 0x11, 0x12, 0x11, 0x11, 0x11, 0x11, 0x11, 0x17, 0x17, 0x19, 0x19, 0x11, 0x11, 0x11, 0x11, 0x11, 0x11, 0x11, 0x11, 0x11, },
    /*0x3d*/{0x03, 0x03, 0x03, 0x00, 0x00, 0x00, 0x00, 0x00, 0x00, 0x09, 0x0a, 0x0a, 0x03, 0x03, 0x03, 0x00, 0x00, 0x00, 0x00, 0x00, 0x00, 0x00, 0x00, 0x17, 0x17, 0x19, 0x19, 0x03, 0x03, 0x03, 0x03, 0x03, 0x03, 0x03, 0x03, 0x03, },
    /*0x3e*/{0x0f, 0x0f, 0x0f, 0x0f, 0x0f, 0x0f, 0x0f, 0x0f, 0x0f, 0x09, 0x0a, 0x0a, 0x0f, 0x0f, 0x0f, 0x10, 0x0f, 0x0f, 0x0f, 0x0f, 0x00, 0x0f, 0x0f, 0x17, 0x17, 0x19, 0x19, 0x0f, 0x0f, 0x0f, 0x0f, 0x0f, 0x0f, 0x0f, 0x0f, 0x0f, },
    /*0x3f*/{0x00, 0x00, 0x00, 0x00, 0x00, 0x00, 0x00, 0x00, 0x00, 0x09, 0x0a, 0x0a, 0x00, 0x00, 0x00, 0x00, 0x00, 0x00, 0x00, 0x00, 0x00, 0x00, 0x00, 0x17, 0x17, 0x19, 0x19, 0x00, 0x00, 0x00, 0x00, 0x00, 0x00, 0x00, 0x00, 0x00, },
    /*0x40*/{0x00, 0x00, 0x00, 0x00, 0x00, 0x00, 0x00, 0x00, 0x00, 0x09, 0x0a, 0x0a, 0x00, 0x00, 0x00, 0x00, 0x00, 0x00, 0x00, 0x00, 0x00, 0x00, 0x00, 0x17, 0x17, 0x19, 0x19, 0x00, 0x00, 0x00, 0x00, 0x00, 0x00, 0x00, 0x00, 0x00, },
    /*0x41*/{0x23, 0x23, 0x23, 0x23, 0x23, 0x23, 0x23, 0x23, 0x23, 0x09, 0x0a, 0x0a, 0x23, 0x23, 0x23, 0x23, 0x23, 0x23, 0x23, 0x23, 0x23, 0x23, 0x23, 0x17, 0x17, 0x19, 0x19, 0x23, 0x23, 0x23, 0x1f, 0x1f, 0x20, 0x21, 0x21, 0x23, },
    /*0x42*/{0x23, 0x23, 0x23, 0x23, 0x23, 0x23, 0x23, 0x23, 0x23, 0x09, 0x0a, 0x0a, 0x23, 0x23, 0x23, 0x23, 0x23, 0x23, 0x23, 0x23, 0x23, 0x23, 0x23, 0x17, 0x17, 0x19, 0x19, 0x23, 0x23, 0x23, 0x1f, 0x1f, 0x20, 0x21, 0x21, 0x23, },
    /*0x43*/{0x23, 0x23, 0x23, 0x23, 0x23, 0x23, 0x23, 0x23, 0x23, 0x09, 0x0a, 0x0a, 0x23, 0x23, 0x23, 0x23, 0x23, 0x23, 0x23, 0x23, 0x23, 0x23, 0x23, 0x17, 0x17, 0x19, 0x19, 0x23, 0x23, 0x23, 0x1f, 0x1f, 0x20, 0x21, 0x21, 0x23, },
    /*0x44*/{0x23, 0x23, 0x23, 0x23, 0x23, 0x23, 0x23, 0x23, 0x23, 0x09, 0x0a, 0x0a, 0x23, 0x23, 0x23, 0x23, 0x23, 0x23, 0x23, 0x23, 0x23, 0x23, 0x23, 0x17, 0x17, 0x19, 0x19, 0x23, 0x23, 0x23, 0x1f, 0x1f, 0x20, 0x21, 0x21, 0x23, },
    /*0x45*/{0x23, 0x23, 0x23, 0x23, 0x23, 0x23, 0x23, 0x23, 0x23, 0x09, 0x0a, 0x0a, 0x23, 0x23, 0x23, 0x23, 0x23, 0x23, 0x23, 0x23, 0x23, 0x23, 0x23, 0x17, 0x17, 0x19, 0x19, 0x23, 0x23, 0x23, 0x22, 0x22, 0x20, 0x22, 0x21, 0x23, },
    /*0x46*/{0x23, 0x23, 0x23, 0x23, 0x23, 0x23, 0x23, 0x23, 0x23, 0x09, 0x0a, 0x0a, 0x23, 0x23, 0x23, 0x23, 0x23, 0x23, 0x23, 0x23, 0x23, 0x23, 0x23, 0x17, 0x17, 0x19, 0x19, 0x23, 0x23, 0x23, 0x1f, 0x1f, 0x20, 0x21, 0x21, 0x23, },
    /*0x47*/{0x23, 0x23, 0x23, 0x23, 0x23, 0x23, 0x23, 0x23, 0x23, 0x09, 0x0a, 0x0a, 0x23, 0x23, 0x23, 0x23, 0x23, 0x23, 0x23, 0x23, 0x23, 0x23, 0x23, 0x17, 0x17, 0x19, 0x19, 0x23, 0x23, 0x23, 0x1f, 0x1f, 0x20, 0x21, 0x21, 0x23, },
    /*0x48*/{0x23, 0x23, 0x23, 0x23, 0x23, 0x23, 0x23, 0x23, 0x23, 0x09, 0x0a, 0x0a, 0x23, 0x23, 0x23, 0x23, 0x23, 0x23, 0x23, 0x23, 0x23, 0x23, 0x23, 0x17, 0x17, 0x19, 0x19, 0x23, 0x23, 0x23, 0x1f, 0x1f, 0x20, 0x21, 0x21, 0x23, },
    /*0x49*/{0x23, 0x23, 0x23, 0x23, 0x23, 0x23, 0x23, 0x23, 0x23, 0x09, 0x0a, 0x0a, 0x23, 0x23, 0x23, 0x23, 0x23, 0x23, 0x23, 0x23, 0x23, 0x23, 0x23, 0x17, 0x17, 0x19, 0x19, 0x23, 0x23, 0x23, 0x1f, 0x1f, 0x20, 0x21, 0x21, 0x23, },
    /*0x4a*/{0x23, 0x23, 0x23, 0x23, 0x23, 0x23, 0x23, 0x23, 0x23, 0x09, 0x0a, 0x0a, 0x23, 0x23, 0x23, 0x23, 0x23, 0x23, 0x23, 0x23, 0x23, 0x23, 0x23, 0x17, 0x17, 0x19, 0x19, 0x23, 0x23, 0x23, 0x1f, 0x1f, 0x20, 0x21, 0x21, 0x23, },
    /*0x4b*/{0x23, 0x23, 0x23, 0x23, 0x23, 0x23, 0x23, 0x23, 0x23, 0x09, 0x0a, 0x0a, 0x23, 0x23, 0x23, 0x23, 0x23, 0x23, 0x23, 0x23, 0x23, 0x23, 0x23, 0x17, 0x17, 0x19, 0x19, 0x23, 0x23, 0x23, 0x1f, 0x1f, 0x20, 0x21, 0x21, 0x23, },
    /*0x4c*/{0x1b, 0x1b, 0x1b, 0x1b, 0x1b, 0x1b, 0x1b, 0x1b, 0x1b, 0x09, 0x0a, 0x0a, 0x1b, 0x1b, 0x1b, 0x1b, 0x1b, 0x1b, 0x1b, 0x1b, 0x1b, 0x1b, 0x1b, 0x17, 0x17, 0x19, 0x19, 0x23, 0x23, 0x23, 0x1f, 0x1f, 0x20, 0x21, 0x21, 0x23, },
    /*0x4d*/{0x23, 0x23, 0x23, 0x23, 0x23, 0x23, 0x23, 0x23, 0x23, 0x09, 0x0a, 0x0a, 0x23, 0x23, 0x23, 0x23, 0x23, 0x23, 0x23, 0x23, 0x23, 0x23, 0x23, 0x17, 0x17, 0x19, 0x19, 0x23, 0x23, 0x23, 0x1f, 0x1f, 0x20, 0x21, 0x21, 0x23, },
    /*0x4e*/{0x23, 0x23, 0x23, 0x23, 0x23, 0x23, 0x23, 0x23, 0x23, 0x09, 0x0a, 0x0a, 0x23, 0x23, 0x23, 0x23, 0x23, 0x23, 0x23, 0x23, 0x23, 0x23, 0x23, 0x17, 0x17, 0x19, 0x19, 0x23, 0x23, 0x23, 0x1f, 0x1f, 0x20, 0x21, 0x21, 0x23, },
    /*0x4f*/{0x23, 0x23, 0x23, 0x23, 0x23, 0x23, 0x23, 0x23, 0x23, 0x09, 0x0a, 0x0a, 0x23, 0x23, 0x23, 0x23, 0x23, 0x23, 0x23, 0x23, 0x23, 0x23, 0x23, 0x17, 0x17, 0x19, 0x19, 0x23, 0x23, 0x23, 0x1f, 0x1f, 0x20, 0x21, 0x21, 0x23, },
    /*0x50*/{0x23, 0x23, 0x23, 0x23, 0x23, 0x23, 0x23, 0x23, 0x23, 0x09, 0x0a, 0x0a, 0x23, 0x23, 0x23, 0x23, 0x23, 0x23, 0x23, 0x23, 0x23, 0x23, 0x23, 0x17, 0x17, 0x19, 0x19, 0x23, 0x23, 0x23, 0x1f, 0x1f, 0x22, 0x22, 0x21, 0x23, },
    /*0x51*/{0x23, 0x23, 0x23, 0x23, 0x23, 0x23, 0x23, 0x23, 0x23, 0x09, 0x0a, 0x0a, 0x23, 0x23, 0x23, 0x23, 0x23, 0x23, 0x23, 0x23, 0x23, 0x23, 0x23, 0x17, 0x17, 0x19, 0x19, 0x23, 0x23, 0x23, 0x1f, 0x1f, 0x20, 0x21, 0x21, 0x23, },
    /*0x52*/{0x23, 0x23, 0x23, 0x23, 0x23, 0x23, 0x23, 0x23, 0x23, 0x09, 0x0a, 0x0a, 0x23, 0x23, 0x23, 0x23, 0x23, 0x23, 0x23, 0x23, 0x23, 0x23, 0x23, 0x17, 0x17, 0x19, 0x19, 0x23, 0x23, 0x23, 0x1f, 0x1f, 0x20, 0x21, 0x21, 0x23, },
    /*0x53*/{0x23, 0x23, 0x23, 0x23, 0x23, 0x23, 0x23, 0x23, 0x23, 0x09, 0x0a, 0x0a, 0x23, 0x23, 0x23, 0x23, 0x23, 0x23, 0x23, 0x23, 0x23, 0x23, 0x23, 0x17, 0x17, 0x19, 0x19, 0x23, 0x23, 0x23, 0x1f, 0x1f, 0x20, 0x21, 0x21, 0x23, },
    /*0x54*/{0x23, 0x23, 0x23, 0x23, 0x23, 0x23, 0x23, 0x23, 0x23, 0x09, 0x0a, 0x0a, 0x23, 0x23, 0x23, 0x23, 0x23, 0x23, 0x23, 0x23, 0x23, 0x23, 0x23, 0x17, 0x17, 0x19, 0x19, 0x23, 0x23, 0x23, 0x1f, 0x1f, 0x20, 0x21, 0x21, 0x23, },
    /*0x55*/{0x1b, 0x1b, 0x1b, 0x1b, 0x1b, 0x1b, 0x1b, 0x1b, 0x1b, 0x09, 0x0a, 0x0a, 0x1b, 0x1b, 0x1b, 0x1b, 0x1b, 0x1b, 0x1b, 0x1b, 0x1b, 0x1b, 0x1b, 0x17, 0x17, 0x19, 0x19, 0x23, 0x23, 0x23, 0x1f, 0x1f, 0x20, 0x21, 0x21, 0x23, },
    /*0x56*/{0x23, 0x23, 0x23, 0x23, 0x23, 0x23, 0x23, 0x23, 0x23, 0x09, 0x0a, 0x0a, 0x23, 0x23, 0x23, 0x23, 0x23, 0x23, 0x23, 0x23, 0x23, 0x23, 0x23, 0x17, 0x17, 0x19, 0x19, 0x23, 0x23, 0x23, 0x1f, 0x1f, 0x20, 0x21, 0x21, 0x23, },
    /*0x57*/{0x23, 0x23, 0x23, 0x23, 0x23, 0x23, 0x23, 0x23, 0x23, 0x09, 0x0a, 0x0a, 0x23, 0x23, 0x23, 0x23, 0x23, 0x23, 0x23, 0x23, 0x23, 0x23, 0x23, 0x17, 0x17, 0x19, 0x19, 0x23, 0x23, 0x23, 0x1f, 0x1f, 0x20, 0x21, 0x21, 0x23, },
    /*0x58*/{0x23, 0x23, 0x23, 0x23, 0x23, 0x23, 0x23, 0x23, 0x23, 0x09, 0x0a, 0x0a, 0x23, 0x23, 0x23, 0x23, 0x23, 0x23, 0x23, 0x23, 0x23, 0x23, 0x23, 0x17, 0x17, 0x19, 0x19, 0x23, 0x23, 0x23, 0x20, 0x1f, 0x20, 0x21, 0x21, 0x23, },
    /*0x59*/{0x23, 0x23, 0x23, 0x23, 0x23, 0x23, 0x23, 0x23, 0x23, 0x09, 0x0a, 0x0a, 0x23, 0x23, 0x23, 0x23, 0x23, 0x23, 0x23, 0x23, 0x23, 0x23, 0x23, 0x17, 0x17, 0x19, 0x19, 0x23, 0x23, 0x23, 0x1f, 0x1f, 0x20, 0x21, 0x21, 0x23, },
    /*0x5a*/{0x23, 0x23, 0x23, 0x23, 0x23, 0x23, 0x23, 0x23, 0x23, 0x09, 0x0a, 0x0a, 0x23, 0x23, 0x23, 0x23, 0x23, 0x23, 0x23, 0x23, 0x23, 0x23, 0x23, 0x17, 0x17, 0x19, 0x19, 0x23, 0x23, 0x23, 0x1f, 0x1f, 0x20, 0x21, 0x21, 0x23, },
    /*0x5b*/{0x00, 0x00, 0x00, 0x00, 0x00, 0x00, 0x00, 0x00, 0x00, 0x09, 0x0a, 0x0a, 0x00, 0x00, 0x00, 0x00, 0x00, 0x00, 0x00, 0x00, 0x00, 0x00, 0x00, 0x17, 0x17, 0x19, 0x19, 0x00, 0x00, 0x00, 0x00, 0x00, 0x00, 0x00, 0x00, 0x00, },
    /*0x5c*/{0x02, 0x02, 0x02, 0x02, 0x02, 0x02, 0x02, 0x02, 0x02, 0x09, 0x0a, 0x0a, 0x02, 0x02, 0x02, 0x02, 0x02, 0x02, 0x02, 0x02, 0x02, 0x02, 0x02, 0x18, 0x17, 0x1a, 0x19, 0x02, 0x02, 0x02, 0x02, 0x02, 0x02, 0x02, 0x02, 0x02, },
    /*0x5d*/{0x00, 0x00, 0x00, 0x00, 0x00, 0x00, 0x00, 0x00, 0x00, 0x09, 0x0a, 0x0a, 0x00, 0x00, 0x00, 0x00, 0x00, 0x00, 0x00, 0x00, 0x00, 0x00, 0x00, 0x17, 0x17, 0x19, 0x19, 0x00, 0x00, 0x00, 0x00, 0x00, 0x00, 0x00, 0x00, 0x00, },
    /*0x5e*/{0x05, 0x05, 0x05, 0x05, 0x05, 0x05, 0x05, 0x05, 0x05, 0x09, 0x0a, 0x0a, 0x05, 0x05, 0x05, 0x05, 0x05, 0x05, 0x05, 0x05, 0x05, 0x05, 0x05, 0x17, 0x17, 0x19, 0x19, 0x05, 0x05, 0x05, 0x05, 0x05, 0x05, 0x05, 0x05, 0x05, },
    /*0x5f*/{0x23, 0x23, 0x23, 0x23, 0x23, 0x23, 0x23, 0x23, 0x23, 0x09, 0x0a, 0x0a, 0x23, 0x23, 0x23, 0x23, 0x23, 0x23, 0x23, 0x23, 0x23, 0x23, 0x23, 0x17, 0x17, 0x19, 0x19, 0x23, 0x23, 0x23, 0x1f, 0x1f, 0x20, 0x21, 0x21, 0x23, },
    /*0x60*/{0x00, 0x00, 0x00, 0x00, 0x00, 0x00, 0x00, 0x00, 0x00, 0x09, 0x0a, 0x0a, 0x00, 0x00, 0x00, 0x00, 0x00, 0x00, 0x00, 0x00, 0x00, 0x00, 0x00, 0x17, 0x17, 0x19, 0x19, 0x00, 0x00, 0x00, 0x00, 0x00, 0x00, 0x00, 0x00, 0x00, },
    /*0x61*/{0x23, 0x23, 0x23, 0x23, 0x23, 0x23, 0x23, 0x23, 0x23, 0x09, 0x0a, 0x0a, 0x23, 0x23, 0x23, 0x23, 0x23, 0x23, 0x23, 0x23, 0x23, 0x23, 0x23, 0x17, 0x17, 0x19, 0x19, 0x23, 0x23, 0x23, 0x1f, 0x1f, 0x20, 0x21, 0x21, 0x23, },
    /*0x62*/{0x23, 0x23, 0x23, 0x23, 0x23, 0x23, 0x23, 0x23, 0x23, 0x09, 0x0a, 0x0a, 0x23, 0x23, 0x23, 0x23, 0x23, 0x23, 0x23, 0x23, 0x23, 0x23, 0x23, 0x17, 0x17, 0x19, 0x19, 0x23, 0x23, 0x23, 0x1f, 0x1f, 0x20, 0x21, 0x21, 0x23, },
    /*0x63*/{0x23, 0x23, 0x23, 0x23, 0x23, 0x23, 0x23, 0x23, 0x23, 0x09, 0x0a, 0x0a, 0x23, 0x23, 0x23, 0x23, 0x23, 0x23, 0x23, 0x23, 0x23, 0x23, 0x23, 0x17, 0x17, 0x19, 0x19, 0x23, 0x23, 0x23, 0x1f, 0x1f, 0x20, 0x21, 0x21, 0x23, },
    /*0x64*/{0x23, 0x23, 0x23, 0x23, 0x23, 0x23, 0x23, 0x23, 0x23, 0x09, 0x0a, 0x0a, 0x23, 0x23, 0x23, 0x23, 0x23, 0x23, 0x23, 0x23, 0x23, 0x23, 0x23, 0x17, 0x17, 0x19, 0x19, 0x23, 0x23, 0x23, 0x1f, 0x1f, 0x20, 0x21, 0x21, 0x23, },
    /*0x65*/{0x23, 0x23, 0x23, 0x23, 0x23, 0x23, 0x23, 0x23, 0x23, 0x09, 0x0a, 0x0a, 0x23, 0x23, 0x23, 0x23, 0x23, 0x23, 0x23, 0x23, 0x23, 0x23, 0x23, 0x17, 0x17, 0x19, 0x19, 0x23, 0x23, 0x23, 0x22, 0x22, 0x20, 0x22, 0x21, 0x23, },
    /*0x66*/{0x23, 0x23, 0x23, 0x23, 0x23, 0x23, 0x23, 0x23, 0x23, 0x09, 0x0a, 0x0a, 0x23, 0x23, 0x23, 0x23, 0x23, 0x23, 0x23, 0x23, 0x23, 0x23, 0x23, 0x17, 0x17, 0x19, 0x19, 0x23, 0x23, 0x23, 0x1f, 0x1f, 0x20, 0x21, 0x21, 0x23, },
    /*0x67*/{0x23, 0x23, 0x23, 0x23, 0x23, 0x23, 0x23, 0x23, 0x23, 0x09, 0x0a, 0x0a, 0x23, 0x23, 0x23, 0x23, 0x23, 0x23, 0x23, 0x23, 0x23, 0x23, 0x23, 0x17, 0x17, 0x19, 0x19, 0x23, 0x23, 0x23, 0x1f, 0x1f, 0x20, 0x21, 0x21, 0x23, },
    /*0x68*/{0x23, 0x23, 0x23, 0x23, 0x23, 0x23, 0x23, 0x23, 0x23, 0x09, 0x0a, 0x0a, 0x23, 0x23, 0x23, 0x23, 0x23, 0x23, 0x23, 0x23, 0x23, 0x23, 0x23, 0x17, 0x17, 0x19, 0x19, 0x23, 0x23, 0x23, 0x1f, 0x1f, 0x20, 0x21, 0x21, 0x23, },
    /*0x69*/{0x23, 0x23, 0x23, 0x23, 0x23, 0x23, 0x23, 0x23, 0x23, 0x09, 0x0a, 0x0a, 0x23, 0x23, 0x23, 0x23, 0x23, 0x23, 0x23, 0x23, 0x23, 0x23, 0x23, 0x17, 0x17, 0x19, 0x19, 0x23, 0x23, 0x23, 0x1f, 0x1f, 0x20, 0x21, 0x21, 0x23, },
    /*0x6a*/{0x23, 0x23, 0x23, 0x23, 0x23, 0x23, 0x23, 0x23, 0x23, 0x09, 0x0a, 0x0a, 0x23, 0x23, 0x23, 0x23, 0x23, 0x23, 0x23, 0x23, 0x23, 0x23, 0x23, 0x17, 0x17, 0x19, 0x19, 0x23, 0x23, 0x23, 0x1f, 0x1f, 0x20, 0x21, 0x21, 0x23, },
    /*0x6b*/{0x23, 0x23, 0x23, 0x23, 0x23, 0x23, 0x23, 0x23, 0x23, 0x09, 0x0a, 0x0a, 0x23, 0x23, 0x23, 0x23, 0x23, 0x23, 0x23, 0x23, 0x23, 0x23, 0x23, 0x17, 0x17, 0x19, 0x19, 0x23, 0x23, 0x23, 0x1f, 0x1f, 0x20, 0x21, 0x21, 0x23, },
    /*0x6c*/{0x23, 0x23, 0x23, 0x23, 0x23, 0x23, 0x23, 0x23, 0x23, 0x09, 0x0a, 0x0a, 0x23, 0x23, 0x23, 0x23, 0x23, 0x23, 0x23, 0x23, 0x23, 0x23, 0x23, 0x17, 0x17, 0x19, 0x19, 0x23, 0x23, 0x23, 0x1f, 0x1f, 0x20, 0x21, 0x21, 0x23, },
    /*0x6d*/{0x23, 0x23, 0x23, 0x23, 0x23, 0x23, 0x23, 0x23, 0x23, 0x09, 0x0a, 0x0a, 0x23, 0x23, 0x23, 0x23, 0x23, 0x23, 0x23, 0x23, 0x23, 0x23, 0x23, 0x17, 0x17, 0x19, 0x19, 0x23, 0x23, 0x23, 0x1f, 0x1f, 0x20, 0x21, 0x21, 0x23, },
    /*0x6e*/{0x23, 0x23, 0x23, 0x23, 0x23, 0x23, 0x23, 0x23, 0x23, 0x09, 0x0a, 0x0a, 0x23, 0x23, 0x23, 0x23, 0x23, 0x23, 0x23, 0x23, 0x23, 0x23, 0x23, 0x17, 0x17, 0x19, 0x19, 0x23, 0x23, 0x23, 0x1f, 0x1f, 0x20, 0x21, 0x21, 0x23, },
    /*0x6f*/{0x23, 0x23, 0x23, 0x23, 0x23, 0x23, 0x23, 0x23, 0x23, 0x09, 0x0a, 0x0a, 0x23, 0x23, 0x23, 0x23, 0x23, 0x23, 0x23, 0x23, 0x23, 0x23, 0x23, 0x17, 0x17, 0x19, 0x19, 0x23, 0x23, 0x23, 0x1f, 0x1f, 0x20, 0x21, 0x21, 0x23, },
    /*0x70*/{0x23, 0x23, 0x23, 0x23, 0x23, 0x23, 0x23, 0x23, 0x23, 0x09, 0x0a, 0x0a, 0x23, 0x23, 0x23, 0x23, 0x23, 0x23, 0x23, 0x23, 0x23, 0x23, 0x23, 0x17, 0x17, 0x19, 0x19, 0x23, 0x23, 0x23, 0x1f, 0x1f, 0x22, 0x22, 0x21, 0x23, },
    /*0x71*/{0x23, 0x23, 0x23, 0x23, 0x23, 0x23, 0x23, 0x23, 0x23, 0x09, 0x0a, 0x0a, 0x23, 0x23, 0x23, 0x23, 0x23, 0x23, 0x23, 0x23, 0x23, 0x23, 0x23, 0x17, 0x17, 0x19, 0x19, 0x23, 0x23, 0x23, 0x1f, 0x1f, 0x20, 0x21, 0x21, 0x23, },
    /*0x72*/{0x23, 0x23, 0x23, 0x23, 0x23, 0x23, 0x23, 0x23, 0x23, 0x09, 0x0a, 0x0a, 0x23, 0x23, 0x23, 0x23, 0x23, 0x23, 0x23, 0x23, 0x23, 0x23, 0x23, 0x17, 0x17, 0x19, 0x19, 0x23, 0x23, 0x23, 0x1f, 0x1f, 0x20, 0x21, 0x21, 0x23, },
    /*0x73*/{0x23, 0x23, 0x23, 0x23, 0x23, 0x23, 0x23, 0x23, 0x23, 0x09, 0x0a, 0x0a, 0x23, 0x23, 0x23, 0x23, 0x23, 0x23, 0x23, 0x23, 0x23, 0x23, 0x23, 0x17, 0x17, 0x19, 0x19, 0x23, 0x23, 0x23, 0x1f, 0x1f, 0x20, 0x21, 0x21, 0x23, },
    /*0x74*/{0x23, 0x23, 0x23, 0x23, 0x23, 0x23, 0x23, 0x23, 0x23, 0x09, 0x0a, 0x0a, 0x23, 0x23, 0x23, 0x23, 0x23, 0x23, 0x23, 0x23, 0x23, 0x23, 0x23, 0x17, 0x17, 0x19, 0x19, 0x23, 0x23, 0x23, 0x1f, 0x1f, 0x20, 0x21, 0x21, 0x23, },
    /*0x75*/{0x1c, 0x1c, 0x1c, 0x1c, 0x1c, 0x1c, 0x1c, 0x1c, 0x1c, 0x09, 0x0a, 0x0a, 0x1c, 0x1c, 0x1c, 0x1c, 0x1c, 0x1c, 0x1c, 0x1c, 0x1c, 0x1c, 0x1c, 0x17, 0x17, 0x19, 0x19, 0x23, 0x23, 0x23, 0x1f, 0x1f, 0x20, 0x21, 0x21, 0x23, },
    /*0x76*/{0x23, 0x23, 0x23, 0x23, 0x23, 0x23, 0x23, 0x23, 0x23, 0x09, 0x0a, 0x0a, 0x23, 0x23, 0x23, 0x23, 0x23, 0x23, 0x23, 0x23, 0x23, 0x23, 0x23, 0x17, 0x17, 0x19, 0x19, 0x23, 0x23, 0x23, 0x1f, 0x1f, 0x20, 0x21, 0x21, 0x23, },
    /*0x77*/{0x23, 0x23, 0x23, 0x23, 0x23, 0x23, 0x23, 0x23, 0x23, 0x09, 0x0a, 0x0a, 0x23, 0x23, 0x23, 0x23, 0x23, 0x23, 0x23, 0x23, 0x23, 0x23, 0x23, 0x17, 0x17, 0x19, 0x19, 0x23, 0x23, 0x23, 0x1f, 0x1f, 0x20, 0x21, 0x21, 0x23, },
    /*0x78*/{0x23, 0x23, 0x23, 0x23, 0x23, 0x23, 0x23, 0x23, 0x23, 0x09, 0x0a, 0x0a, 0x23, 0x23, 0x23, 0x23, 0x23, 0x23, 0x23, 0x23, 0x23, 0x23, 0x23, 0x17, 0x17, 0x19, 0x19, 0x23, 0x23, 0x23, 0x20, 0x1f, 0x20, 0x21, 0x21, 0x23, },
    /*0x79*/{0x23, 0x23, 0x23, 0x23, 0x23, 0x23, 0x23, 0x23, 0x23, 0x09, 0x0a, 0x0a, 0x23, 0x23, 0x23, 0x23, 0x23, 0x23, 0x23, 0x23, 0x23, 0x23, 0x23, 0x17, 0x17, 0x19, 0x19, 0x23, 0x23, 0x23, 0x1f, 0x1f, 0x20, 0x21, 0x21, 0x23, },
    /*0x7a*/{0x23, 0x23, 0x23, 0x23, 0x23, 0x23, 0x23, 0x23, 0x23, 0x09, 0x0a, 0x0a, 0x23, 0x23, 0x23, 0x23, 0x23, 0x23, 0x23, 0x23, 0x23, 0x23, 0x23, 0x17, 0x17, 0x19, 0x19, 0x23, 0x23, 0x23, 0x1f, 0x1f, 0x20, 0x21, 0x21, 0x23, },
    /*0x7b*/{0x00, 0x00, 0x00, 0x00, 0x00, 0x00, 0x00, 0x00, 0x00, 0x09, 0x0a, 0x0a, 0x00, 0x00, 0x00, 0x00, 0x00, 0x00, 0x00, 0x00, 0x00, 0x00, 0x00, 0x17, 0x17, 0x19, 0x19, 0x00, 0x00, 0x00, 0x00, 0x00, 0x00, 0x00, 0x00, 0x00, },
    /*0x7c*/{0x16, 0x16, 0x16, 0x16, 0x16, 0x16, 0x16, 0x16, 0x16, 0x09, 0x0a, 0x0a, 0x16, 0x16, 0x16, 0x16, 0x16, 0x16, 0x16, 0x16, 0x16, 0x16, 0x00, 0x17, 0x17, 0x19, 0x19, 0x16, 0x16, 0x16, 0x16, 0x16, 0x16, 0x16, 0x16, 0x16, },
    /*0x7d*/{0x00, 0x00, 0x00, 0x00, 0x00, 0x00, 0x00, 0x00, 0x00, 0x09, 0x0a, 0x0a, 0x00, 0x00, 0x00, 0x00, 0x00, 0x00, 0x00, 0x00, 0x00, 0x00, 0x00, 0x17, 0x17, 0x19, 0x19, 0x00, 0x00, 0x00, 0x00, 0x00, 0x00, 0x00, 0x00, 0x00, },
    /*0x7e*/{0x00, 0x00, 0x00, 0x00, 0x00, 0x00, 0x00, 0x00, 0x00, 0x09, 0x0a, 0x0a, 0x00, 0x00, 0x00, 0x00, 0x00, 0x00, 0x00, 0x00, 0x00, 0x00, 0x00, 0x17, 0x17, 0x19, 0x19, 0x00, 0x00, 0x00, 0x00, 0x00, 0x00, 0x00, 0x00, 0x00, },
    /*0x7f*/{0x00, 0x00, 0x00, 0x00, 0x00, 0x00, 0x00, 0x00, 0x00, 0x09, 0x0a, 0x0a, 0x00, 0x00, 0x00, 0x00, 0x00, 0x00, 0x00, 0x00, 0x00, 0x00, 0x00, 0x17, 0x17, 0x19, 0x19, 0x00, 0x00, 0x00, 0x00, 0x00, 0x00, 0x00, 0x00, 0x00, },
    /*0x80*/{0x23, 0x23, 0x23, 0x23, 0x23, 0x23, 0x23, 0x23, 0x23, 0x09, 0x0a, 0x0a, 0x23, 0x23, 0x23, 0x23, 0x23, 0x23, 0x23, 0x23, 0x23, 0x23, 0x23, 0x17, 0x17, 0x19, 0x19, 0x23, 0x23, 0x23, 0x23, 0x23, 0x23, 0x23, 0x23, 0x23, },
    /*0x81*/{0x23, 0x23, 0x23, 0x23, 0x23, 0x23, 0x23, 0x23, 0x23, 0x09, 0x0a, 0x0a, 0x23, 0x23, 0x23, 0x23, 0x23, 0x23, 0x23, 0x23, 0x23, 0x23, 0x23, 0x17, 0x17, 0x19, 0x19, 0x23, 0x23, 0x23, 0x23, 0x23, 0x23, 0x23, 0x23, 0x23, },
    /*0x82*/{0x23, 0x23, 0x23, 0x23, 0x23, 0x23, 0x23, 0x23, 0x23, 0x09, 0x0a, 0x0a, 0x23, 0x23, 0x23, 0x23, 0x23, 0x23, 0x23, 0x23, 0x23, 0x23, 0x23, 0x17, 0x17, 0x19, 0x19, 0x23, 0x23, 0x23, 0x23, 0x23, 0x23, 0x23, 0x23, 0x23, },
    /*0x83*/{0x23, 0x23, 0x23, 0x23, 0x23, 0x23, 0x23, 0x23, 0x23, 0x09, 0x0a, 0x0a, 0x23, 0x23, 0x23, 0x23, 0x23, 0x23, 0x23, 0x23, 0x23, 0x23, 0x23, 0x17, 0x17, 0x19, 0x19, 0x23, 0x23, 0x23, 0x23, 0x23, 0x23, 0x23, 0x23, 0x23, },
    /*0x84*/{0x23, 0x23, 0x23, 0x23, 0x23, 0x23, 0x23, 0x23, 0x23, 0x09, 0x0a, 0x0a, 0x23, 0x23, 0x23, 0x23, 0x23, 0x23, 0x23, 0x23, 0x23, 0x23, 0x23, 0x17, 0x17, 0x19, 0x19, 0x23, 0x23, 0x23, 0x23, 0x23, 0x23, 0x23, 0x23, 0x23, },
    /*0x85*/{0x23, 0x23, 0x23, 0x23, 0x23, 0x23, 0x23, 0x23, 0x23, 0x09, 0x0a, 0x0a, 0x23, 0x23, 0x23, 0x23, 0x23, 0x23, 0x23, 0x23, 0x23, 0x23, 0x23, 0x17, 0x17, 0x19, 0x19, 0x23, 0x23, 0x23, 0x23, 0x23, 0x23, 0x23, 0x23, 0x23, },
    /*0x86*/{0x23, 0x23, 0x23, 0x23, 0x23, 0x23, 0x23, 0x23, 0x23, 0x09, 0x0a, 0x0a, 0x23, 0x23, 0x23, 0x23, 0x23, 0x23, 0x23, 0x23, 0x23, 0x23, 0x23, 0x17, 0x17, 0x19, 0x19, 0x23, 0x23, 0x23, 0x23, 0x23, 0x23, 0x23, 0x23, 0x23, },
    /*0x87*/{0x23, 0x23, 0x23, 0x23, 0x23, 0x23, 0x23, 0x23, 0x23, 0x09, 0x0a, 0x0a, 0x23, 0x23, 0x23, 0x23, 0x23, 0x23, 0x23, 0x23, 0x23, 0x23, 0x23, 0x17, 0x17, 0x19, 0x19, 0x23, 0x23, 0x23, 0x23, 0x23, 0x23, 0x23, 0x23, 0x23, },
    /*0x88*/{0x23, 0x23, 0x23, 0x23, 0x23, 0x23, 0x23, 0x23, 0x23, 0x09, 0x0a, 0x0a, 0x23, 0x23, 0x23, 0x23, 0x23, 0x23, 0x23, 0x23, 0x23, 0x23, 0x23, 0x17, 0x17, 0x19, 0x19, 0x23, 0x23, 0x23, 0x23, 0x23, 0x23, 0x23, 0x23, 0x23, },
    /*0x89*/{0x23, 0x23, 0x23, 0x23, 0x23, 0x23, 0x23, 0x23, 0x23, 0x09, 0x0a, 0x0a, 0x23, 0x23, 0x23, 0x23, 0x23, 0x23, 0x23, 0x23, 0x23, 0x23, 0x23, 0x17, 0x17, 0x19, 0x19, 0x23, 0x23, 0x23, 0x23, 0x23, 0x23, 0x23, 0x23, 0x23, },
    /*0x8a*/{0x23, 0x23, 0x23, 0x23, 0x23, 0x23, 0x23, 0x23, 0x23, 0x09, 0x0a, 0x0a, 0x23, 0x23, 0x23, 0x23, 0x23, 0x23, 0x23, 0x23, 0x23, 0x23, 0x23, 0x17, 0x17, 0x19, 0x19, 0x23, 0x23, 0x23, 0x23, 0x23, 0x23, 0x23, 0x23, 0x23, },
    /*0x8b*/{0x23, 0x23, 0x23, 0x23, 0x23, 0x23, 0x23, 0x23, 0x23, 0x09, 0x0a, 0x0a, 0x23, 0x23, 0x23, 0x23, 0x23, 0x23, 0x23, 0x23, 0x23, 0x23, 0x23, 0x17, 0x17, 0x19, 0x19, 0x23, 0x23, 0x23, 0x23, 0x23, 0x23, 0x23, 0x23, 0x23, },
    /*0x8c*/{0x23, 0x23, 0x23, 0x23, 0x23, 0x23, 0x23, 0x23, 0x23, 0x09, 0x0a, 0x0a, 0x23, 0x23, 0x23, 0x23, 0x23, 0x23, 0x23, 0x23, 0x23, 0x23, 0x23, 0x17, 0x17, 0x19, 0x19, 0x23, 0x23, 0x23, 0x23, 0x23, 0x23, 0x23, 0x23, 0x23, },
    /*0x8d*/{0x23, 0x23, 0x23, 0x23, 0x23, 0x23, 0x23, 0x23, 0x23, 0x09, 0x0a, 0x0a, 0x23, 0x23, 0x23, 0x23, 0x23, 0x23, 0x23, 0x23, 0x23, 0x23, 0x23, 0x17, 0x17, 0x19, 0x19, 0x23, 0x23, 0x23, 0x23, 0x23, 0x23, 0x23, 0x23, 0x23, },
    /*0x8e*/{0x23, 0x23, 0x23, 0x23, 0x23, 0x23, 0x23, 0x23, 0x23, 0x09, 0x0a, 0x0a, 0x23, 0x23, 0x23, 0x23, 0x23, 0x23, 0x23, 0x23, 0x23, 0x23, 0x23, 0x17, 0x17, 0x19, 0x19, 0x23, 0x23, 0x23, 0x23, 0x23, 0x23, 0x23, 0x23, 0x23, },
    /*0x8f*/{0x23, 0x23, 0x23, 0x23, 0x23, 0x23, 0x23, 0x23, 0x23, 0x09, 0x0a, 0x0a, 0x23, 0x23, 0x23, 0x23, 0x23, 0x23, 0x23, 0x23, 0x23, 0x23, 0x23, 0x17, 0x17, 0x19, 0x19, 0x23, 0x23, 0x23, 0x23, 0x23, 0x23, 0x23, 0x23, 0x23, },
    /*0x90*/{0x23, 0x23, 0x23, 0x23, 0x23, 0x23, 0x23, 0x23, 0x23, 0x09, 0x0a, 0x0a, 0x23, 0x23, 0x23, 0x23, 0x23, 0x23, 0x23, 0x23, 0x23, 0x23, 0x23, 0x17, 0x17, 0x19, 0x19, 0x23, 0x23, 0x23, 0x23, 0x23, 0x23, 0x23, 0x23, 0x23, },
    /*0x91*/{0x23, 0x23, 0x23, 0x23, 0x23, 0x23, 0x23, 0x23, 0x23, 0x09, 0x0a, 0x0a, 0x23, 0x23, 0x23, 0x23, 0x23, 0x23, 0x23, 0x23, 0x23, 0x23, 0x23, 0x17, 0x17, 0x19, 0x19, 0x23, 0x23, 0x23, 0x23, 0x23, 0x23, 0x23, 0x23, 0x23, },
    /*0x92*/{0x23, 0x23, 0x23, 0x23, 0x23, 0x23, 0x23, 0x23, 0x23, 0x09, 0x0a, 0x0a, 0x23, 0x23, 0x23, 0x23, 0x23, 0x23, 0x23, 0x23, 0x23, 0x23, 0x23, 0x17, 0x17, 0x19, 0x19, 0x23, 0x23, 0x23, 0x23, 0x23, 0x23, 0x23, 0x23, 0x23, },
    /*0x93*/{0x23, 0x23, 0x23, 0x23, 0x23, 0x23, 0x23, 0x23, 0x23, 0x09, 0x0a, 0x0a, 0x23, 0x23, 0x23, 0x23, 0x23, 0x23, 0x23, 0x23, 0x23, 0x23, 0x23, 0x17, 0x17, 0x19, 0x19, 0x23, 0x23, 0x23, 0x23, 0x23, 0x23, 0x23, 0x23, 0x23, },
    /*0x94*/{0x23, 0x23, 0x23, 0x23, 0x23, 0x23, 0x23, 0x23, 0x23, 0x09, 0x0a, 0x0a, 0x23, 0x23, 0x23, 0x23, 0x23, 0x23, 0x23, 0x23, 0x23, 0x23, 0x23, 0x17, 0x17, 0x19, 0x19, 0x23, 0x23, 0x23, 0x23, 0x23, 0x23, 0x23, 0x23, 0x23, },
    /*0x95*/{0x23, 0x23, 0x23, 0x23, 0x23, 0x23, 0x23, 0x23, 0x23, 0x09, 0x0a, 0x0a, 0x23, 0x23, 0x23, 0x23, 0x23, 0x23, 0x23, 0x23, 0x23, 0x23, 0x23, 0x17, 0x17, 0x19, 0x19, 0x23, 0x23, 0x23, 0x23, 0x23, 0x23, 0x23, 0x23, 0x23, },
    /*0x96*/{0x23, 0x23, 0x23, 0x23, 0x23, 0x23, 0x23, 0x23, 0x23, 0x09, 0x0a, 0x0a, 0x23, 0x23, 0x23, 0x23, 0x23, 0x23, 0x23, 0x23, 0x23, 0x23, 0x23, 0x17, 0x17, 0x19, 0x19, 0x23, 0x23, 0x23, 0x23, 0x23, 0x23, 0x23, 0x23, 0x23, },
    /*0x97*/{0x23, 0x23, 0x23, 0x23, 0x23, 0x23, 0x23, 0x23, 0x23, 0x09, 0x0a, 0x0a, 0x23, 0x23, 0x23, 0x23, 0x23, 0x23, 0x23, 0x23, 0x23, 0x23, 0x23, 0x17, 0x17, 0x19, 0x19, 0x23, 0x23, 0x23, 0x23, 0x23, 0x23, 0x23, 0x23, 0x23, },
    /*0x98*/{0x23, 0x23, 0x23, 0x23, 0x23, 0x23, 0x23, 0x23, 0x23, 0x09, 0x0a, 0x0a, 0x23, 0x23, 0x23, 0x23, 0x23, 0x23, 0x23, 0x23, 0x23, 0x23, 0x23, 0x17, 0x17, 0x19, 0x19, 0x23, 0x23, 0x23, 0x23, 0x23, 0x23, 0x23, 0x23, 0x23, },
    /*0x99*/{0x23, 0x23, 0x23, 0x23, 0x23, 0x23, 0x23, 0x23, 0x23, 0x09, 0x0a, 0x0a, 0x23, 0x23, 0x23, 0x23, 0x23, 0x23, 0x23, 0x23, 0x23, 0x23, 0x23, 0x17, 0x17, 0x19, 0x19, 0x23, 0x23, 0x23, 0x23, 0x23, 0x23, 0x23, 0x23, 0x23, },
    /*0x9a*/{0x23, 0x23, 0x23, 0x23, 0x23, 0x23, 0x23, 0x23, 0x23, 0x09, 0x0a, 0x0a, 0x23, 0x23, 0x23, 0x23, 0x23, 0x23, 0x23, 0x23, 0x23, 0x23, 0x23, 0x17, 0x17, 0x19, 0x19, 0x23, 0x23, 0x23, 0x23, 0x23, 0x23, 0x23, 0x23, 0x23, },
    /*0x9b*/{0x23, 0x23, 0x23, 0x23, 0x23, 0x23, 0x23, 0x23, 0x23, 0x09, 0x0a, 0x0a, 0x23, 0x23, 0x23, 0x23, 0x23, 0x23, 0x23, 0x23, 0x23, 0x23, 0x23, 0x17, 0x17, 0x19, 0x19, 0x23, 0x23, 0x23, 0x23, 0x23, 0x23, 0x23, 0x23, 0x23, },
    /*0x9c*/{0x23, 0x23, 0x23, 0x23, 0x23, 0x23, 0x23, 0x23, 0x23, 0x09, 0x0a, 0x0a, 0x23, 0x23, 0x23, 0x23, 0x23, 0x23, 0x23, 0x23, 0x23, 0x23, 0x23, 0x17, 0x17, 0x19, 0x19, 0x23, 0x23, 0x23, 0x23, 0x23, 0x23, 0x23, 0x23, 0x23, },
    /*0x9d*/{0x23, 0x23, 0x23, 0x23, 0x23, 0x23, 0x23, 0x23, 0x23, 0x09, 0x0a, 0x0a, 0x23, 0x23, 0x23, 0x23, 0x23, 0x23, 0x23, 0x23, 0x23, 0x23, 0x23, 0x17, 0x17, 0x19, 0x19, 0x23, 0x23, 0x23, 0x23, 0x23, 0x23, 0x23, 0x23, 0x23, },
    /*0x9e*/{0x23, 0x23, 0x23, 0x23, 0x23, 0x23, 0x23, 0x23, 0x23, 0x09, 0x0a, 0x0a, 0x23, 0x23, 0x23, 0x23, 0x23, 0x23, 0x23, 0x23, 0x23, 0x23, 0x23, 0x17, 0x17, 0x19, 0x19, 0x23, 0x23, 0x23, 0x23, 0x23, 0x23, 0x23, 0x23, 0x23, },
    /*0x9f*/{0x23, 0x23, 0x23, 0x23, 0x23, 0x23, 0x23, 0x23, 0x23, 0x09, 0x0a, 0x0a, 0x23, 0x23, 0x23, 0x23, 0x23, 0x23, 0x23, 0x23, 0x23, 0x23, 0x23, 0x17, 0x17, 0x19, 0x19, 0x23, 0x23, 0x23, 0x23, 0x23, 0x23, 0x23, 0x23, 0x23, },
    /*0xa0*/{0x23, 0x23, 0x23, 0x23, 0x23, 0x23, 0x23, 0x23, 0x23, 0x09, 0x0a, 0x0a, 0x23, 0x23, 0x23, 0x23, 0x23, 0x23, 0x23, 0x23, 0x23, 0x23, 0x23, 0x17, 0x17, 0x19, 0x19, 0x23, 0x23, 0x23, 0x23, 0x23, 0x23, 0x23, 0x23, 0x23, },
    /*0xa1*/{0x23, 0x23, 0x23, 0x23, 0x23, 0x23, 0x23, 0x23, 0x23, 0x09, 0x0a, 0x0a, 0x23, 0x23, 0x23, 0x23, 0x23, 0x23, 0x23, 0x23, 0x23, 0x23, 0x23, 0x17, 0x17, 0x19, 0x19, 0x23, 0x23, 0x23, 0x23, 0x23, 0x23, 0x23, 0x23, 0x23, },
    /*0xa2*/{0x23, 0x23, 0x23, 0x23, 0x23, 0x23, 0x23, 0x23, 0x23, 0x09, 0x0a, 0x0a, 0x23, 0x23, 0x23, 0x23, 0x23, 0x23, 0x23, 0x23, 0x23, 0x23, 0x23, 0x17, 0x17, 0x19, 0x19, 0x23, 0x23, 0x23, 0x23, 0x23, 0x23, 0x23, 0x23, 0x23, },
    /*0xa3*/{0x23, 0x23, 0x23, 0x23, 0x23, 0x23, 0x23, 0x23, 0x23, 0x09, 0x0a, 0x0a, 0x23, 0x23, 0x23, 0x23, 0x23, 0x23, 0x23, 0x23, 0x23, 0x23, 0x23, 0x17, 0x17, 0x19, 0x19, 0x23, 0x23, 0x23, 0x23, 0x23, 0x23, 0x23, 0x23, 0x23, },
    /*0xa4*/{0x23, 0x23, 0x23, 0x23, 0x23, 0x23, 0x23, 0x23, 0x23, 0x09, 0x0a, 0x0a, 0x23, 0x23, 0x23, 0x23, 0x23, 0x23, 0x23, 0x23, 0x23, 0x23, 0x23, 0x17, 0x17, 0x19, 0x19, 0x23, 0x23, 0x23, 0x23, 0x23, 0x23, 0x23, 0x23, 0x23, },
    /*0xa5*/{0x23, 0x23, 0x23, 0x23, 0x23, 0x23, 0x23, 0x23, 0x23, 0x09, 0x0a, 0x0a, 0x23, 0x23, 0x23, 0x23, 0x23, 0x23, 0x23, 0x23, 0x23, 0x23, 0x23, 0x17, 0x17, 0x19, 0x19, 0x23, 0x23, 0x23, 0x23, 0x23, 0x23, 0x23, 0x23, 0x23, },
    /*0xa6*/{0x23, 0x23, 0x23, 0x23, 0x23, 0x23, 0x23, 0x23, 0x23, 0x09, 0x0a, 0x0a, 0x23, 0x23, 0x23, 0x23, 0x23, 0x23, 0x23, 0x23, 0x23, 0x23, 0x23, 0x17, 0x17, 0x19, 0x19, 0x23, 0x23, 0x23, 0x23, 0x23, 0x23, 0x23, 0x23, 0x23, },
    /*0xa7*/{0x23, 0x23, 0x23, 0x23, 0x23, 0x23, 0x23, 0x23, 0x23, 0x09, 0x0a, 0x0a, 0x23, 0x23, 0x23, 0x23, 0x23, 0x23, 0x23, 0x23, 0x23, 0x23, 0x23, 0x17, 0x17, 0x19, 0x19, 0x23, 0x23, 0x23, 0x23, 0x23, 0x23, 0x23, 0x23, 0x23, },
    /*0xa8*/{0x23, 0x23, 0x23, 0x23, 0x23, 0x23, 0x23, 0x23, 0x23, 0x09, 0x0a, 0x0a, 0x23, 0x23, 0x23, 0x23, 0x23, 0x23, 0x23, 0x23, 0x23, 0x23, 0x23, 0x17, 0x17, 0x19, 0x19, 0x23, 0x23, 0x23, 0x23, 0x23, 0x23, 0x23, 0x23, 0x23, },
    /*0xa9*/{0x23, 0x23, 0x23, 0x23, 0x23, 0x23, 0x23, 0x23, 0x23, 0x09, 0x0a, 0x0a, 0x23, 0x23, 0x23, 0x23, 0x23, 0x23, 0x23, 0x23, 0x23, 0x23, 0x23, 0x17, 0x17, 0x19, 0x19, 0x23, 0x23, 0x23, 0x23, 0x23, 0x23, 0x23, 0x23, 0x23, },
    /*0xaa*/{0x23, 0x23, 0x23, 0x23, 0x23, 0x23, 0x23, 0x23, 0x23, 0x09, 0x0a, 0x0a, 0x23, 0x23, 0x23, 0x23, 0x23, 0x23, 0x23, 0x23, 0x23, 0x23, 0x23, 0x17, 0x17, 0x19, 0x19, 0x23, 0x23, 0x23, 0x23, 0x23, 0x23, 0x23, 0x23, 0x23, },
    /*0xab*/{0x23, 0x23, 0x23, 0x23, 0x23, 0x23, 0x23, 0x23, 0x23, 0x09, 0x0a, 0x0a, 0x23, 0x23, 0x23, 0x23, 0x23, 0x23, 0x23, 0x23, 0x23, 0x23, 0x23, 0x17, 0x17, 0x19, 0x19, 0x23, 0x23, 0x23, 0x23, 0x23, 0x23, 0x23, 0x23, 0x23, },
    /*0xac*/{0x23, 0x23, 0x23, 0x23, 0x23, 0x23, 0x23, 0x23, 0x23, 0x09, 0x0a, 0x0a, 0x23, 0x23, 0x23, 0x23, 0x23, 0x23, 0x23, 0x23, 0x23, 0x23, 0x23, 0x17, 0x17, 0x19, 0x19, 0x23, 0x23, 0x23, 0x23, 0x23, 0x23, 0x23, 0x23, 0x23, },
    /*0xad*/{0x23, 0x23, 0x23, 0x23, 0x23, 0x23, 0x23, 0x23, 0x23, 0x09, 0x0a, 0x0a, 0x23, 0x23, 0x23, 0x23, 0x23, 0x23, 0x23, 0x23, 0x23, 0x23, 0x23, 0x17, 0x17, 0x19, 0x19, 0x23, 0x23, 0x23, 0x23, 0x23, 0x23, 0x23, 0x23, 0x23, },
    /*0xae*/{0x23, 0x23, 0x23, 0x23, 0x23, 0x23, 0x23, 0x23, 0x23, 0x09, 0x0a, 0x0a, 0x23, 0x23, 0x23, 0x23, 0x23, 0x23, 0x23, 0x23, 0x23, 0x23, 0x23, 0x17, 0x17, 0x19, 0x19, 0x23, 0x23, 0x23, 0x23, 0x23, 0x23, 0x23, 0x23, 0x23, },
    /*0xaf*/{0x23, 0x23, 0x23, 0x23, 0x23, 0x23, 0x23, 0x23, 0x23, 0x09, 0x0a, 0x0a, 0x23, 0x23, 0x23, 0x23, 0x23, 0x23, 0x23, 0x23, 0x23, 0x23, 0x23, 0x17, 0x17, 0x19, 0x19, 0x23, 0x23, 0x23, 0x23, 0x23, 0x23, 0x23, 0x23, 0x23, },
    /*0xb0*/{0x23, 0x23, 0x23, 0x23, 0x23, 0x23, 0x23, 0x23, 0x23, 0x09, 0x0a, 0x0a, 0x23, 0x23, 0x23, 0x23, 0x23, 0x23, 0x23, 0x23, 0x23, 0x23, 0x23, 0x17, 0x17, 0x19, 0x19, 0x23, 0x23, 0x23, 0x23, 0x23, 0x23, 0x23, 0x23, 0x23, },
    /*0xb1*/{0x23, 0x23, 0x23, 0x23, 0x23, 0x23, 0x23, 0x23, 0x23, 0x09, 0x0a, 0x0a, 0x23, 0x23, 0x23, 0x23, 0x23, 0x23, 0x23, 0x23, 0x23, 0x23, 0x23, 0x17, 0x17, 0x19, 0x19, 0x23, 0x23, 0x23, 0x23, 0x23, 0x23, 0x23, 0x23, 0x23, },
    /*0xb2*/{0x23, 0x23, 0x23, 0x23, 0x23, 0x23, 0x23, 0x23, 0x23, 0x09, 0x0a, 0x0a, 0x23, 0x23, 0x23, 0x23, 0x23, 0x23, 0x23, 0x23, 0x23, 0x23, 0x23, 0x17, 0x17, 0x19, 0x19, 0x23, 0x23, 0x23, 0x23, 0x23, 0x23, 0x23, 0x23, 0x23, },
    /*0xb3*/{0x23, 0x23, 0x23, 0x23, 0x23, 0x23, 0x23, 0x23, 0x23, 0x09, 0x0a, 0x0a, 0x23, 0x23, 0x23, 0x23, 0x23, 0x23, 0x23, 0x23, 0x23, 0x23, 0x23, 0x17, 0x17, 0x19, 0x19, 0x23, 0x23, 0x23, 0x23, 0x23, 0x23, 0x23, 0x23, 0x23, },
    /*0xb4*/{0x23, 0x23, 0x23, 0x23, 0x23, 0x23, 0x23, 0x23, 0x23, 0x09, 0x0a, 0x0a, 0x23, 0x23, 0x23, 0x23, 0x23, 0x23, 0x23, 0x23, 0x23, 0x23, 0x23, 0x17, 0x17, 0x19, 0x19, 0x23, 0x23, 0x23, 0x23, 0x23, 0x23, 0x23, 0x23, 0x23, },
    /*0xb5*/{0x23, 0x23, 0x23, 0x23, 0x23, 0x23, 0x23, 0x23, 0x23, 0x09, 0x0a, 0x0a, 0x23, 0x23, 0x23, 0x23, 0x23, 0x23, 0x23, 0x23, 0x23, 0x23, 0x23, 0x17, 0x17, 0x19, 0x19, 0x23, 0x23, 0x23, 0x23, 0x23, 0x23, 0x23, 0x23, 0x23, },
    /*0xb6*/{0x23, 0x23, 0x23, 0x23, 0x23, 0x23, 0x23, 0x23, 0x23, 0x09, 0x0a, 0x0a, 0x23, 0x23, 0x23, 0x23, 0x23, 0x23, 0x23, 0x23, 0x23, 0x23, 0x23, 0x17, 0x17, 0x19, 0x19, 0x23, 0x23, 0x23, 0x23, 0x23, 0x23, 0x23, 0x23, 0x23, },
    /*0xb7*/{0x23, 0x23, 0x23, 0x23, 0x23, 0x23, 0x23, 0x23, 0x23, 0x09, 0x0a, 0x0a, 0x23, 0x23, 0x23, 0x23, 0x23, 0x23, 0x23, 0x23, 0x23, 0x23, 0x23, 0x17, 0x17, 0x19, 0x19, 0x23, 0x23, 0x23, 0x23, 0x23, 0x23, 0x23, 0x23, 0x23, },
    /*0xb8*/{0x23, 0x23, 0x23, 0x23, 0x23, 0x23, 0x23, 0x23, 0x23, 0x09, 0x0a, 0x0a, 0x23, 0x23, 0x23, 0x23, 0x23, 0x23, 0x23, 0x23, 0x23, 0x23, 0x23, 0x17, 0x17, 0x19, 0x19, 0x23, 0x23, 0x23, 0x23, 0x23, 0x23, 0x23, 0x23, 0x23, },
    /*0xb9*/{0x23, 0x23, 0x23, 0x23, 0x23, 0x23, 0x23, 0x23, 0x23, 0x09, 0x0a, 0x0a, 0x23, 0x23, 0x23, 0x23, 0x23, 0x23, 0x23, 0x23, 0x23, 0x23, 0x23, 0x17, 0x17, 0x19, 0x19, 0x23, 0x23, 0x23, 0x23, 0x23, 0x23, 0x23, 0x23, 0x23, },
    /*0xba*/{0x23, 0x23, 0x23, 0x23, 0x23, 0x23, 0x23, 0x23, 0x23, 0x09, 0x0a, 0x0a, 0x23, 0x23, 0x23, 0x23, 0x23, 0x23, 0x23, 0x23, 0x23, 0x23, 0x23, 0x17, 0x17, 0x19, 0x19, 0x23, 0x23, 0x23, 0x23, 0x23, 0x23, 0x23, 0x23, 0x23, },
    /*0xbb*/{0x23, 0x23, 0x23, 0x23, 0x23, 0x23, 0x23, 0x23, 0x23, 0x09, 0x0a, 0x0a, 0x23, 0x23, 0x23, 0x23, 0x23, 0x23, 0x23, 0x23, 0x23, 0x23, 0x23, 0x17, 0x17, 0x19, 0x19, 0x23, 0x23, 0x23, 0x23, 0x23, 0x23, 0x23, 0x23, 0x23, },
    /*0xbc*/{0x23, 0x23, 0x23, 0x23, 0x23, 0x23, 0x23, 0x23, 0x23, 0x09, 0x0a, 0x0a, 0x23, 0x23, 0x23, 0x23, 0x23, 0x23, 0x23, 0x23, 0x23, 0x23, 0x23, 0x17, 0x17, 0x19, 0x19, 0x23, 0x23, 0x23, 0x23, 0x23, 0x23, 0x23, 0x23, 0x23, },
    /*0xbd*/{0x23, 0x23, 0x23, 0x23, 0x23, 0x23, 0x23, 0x23, 0x23, 0x09, 0x0a, 0x0a, 0x23, 0x23, 0x23, 0x23, 0x23, 0x23, 0x23, 0x23, 0x23, 0x23, 0x23, 0x17, 0x17, 0x19, 0x19, 0x23, 0x23, 0x23, 0x23, 0x23, 0x23, 0x23, 0x23, 0x23, },
    /*0xbe*/{0x23, 0x23, 0x23, 0x23, 0x23, 0x23, 0x23, 0x23, 0x23, 0x09, 0x0a, 0x0a, 0x23, 0x23, 0x23, 0x23, 0x23, 0x23, 0x23, 0x23, 0x23, 0x23, 0x23, 0x17, 0x17, 0x19, 0x19, 0x23, 0x23, 0x23, 0x23, 0x23, 0x23, 0x23, 0x23, 0x23, },
    /*0xbf*/{0x23, 0x23, 0x23, 0x23, 0x23, 0x23, 0x23, 0x23, 0x23, 0x09, 0x0a, 0x0a, 0x23, 0x23, 0x23, 0x23, 0x23, 0x23, 0x23, 0x23, 0x23, 0x23, 0x23, 0x17, 0x17, 0x19, 0x19, 0x23, 0x23, 0x23, 0x23, 0x23, 0x23, 0x23, 0x23, 0x23, },
    /*0xc0*/{0x23, 0x23, 0x23, 0x23, 0x23, 0x23, 0x23, 0x23, 0x23, 0x09, 0x0a, 0x0a, 0x23, 0x23, 0x23, 0x23, 0x23, 0x23, 0x23, 0x23, 0x23, 0x23, 0x23, 0x17, 0x17, 0x19, 0x19, 0x23, 0x23, 0x23, 0x23, 0x23, 0x23, 0x23, 0x23, 0x23, },
    /*0xc1*/{0x23, 0x23, 0x23, 0x23, 0x23, 0x23, 0x23, 0x23, 0x23, 0x09, 0x0a, 0x0a, 0x23, 0x23, 0x23, 0x23, 0x23, 0x23, 0x23, 0x23, 0x23, 0x23, 0x23, 0x17, 0x17, 0x19, 0x19, 0x23, 0x23, 0x23, 0x23, 0x23, 0x23, 0x23, 0x23, 0x23, },
    /*0xc2*/{0x23, 0x23, 0x23, 0x23, 0x23, 0x23, 0x23, 0x23, 0x23, 0x09, 0x0a, 0x0a, 0x23, 0x23, 0x23, 0x23, 0x23, 0x23, 0x23, 0x23, 0x23, 0x23, 0x23, 0x17, 0x17, 0x19, 0x19, 0x23, 0x23, 0x23, 0x23, 0x23, 0x23, 0x23, 0x23, 0x23, },
    /*0xc3*/{0x23, 0x23, 0x23, 0x23, 0x23, 0x23, 0x23, 0x23, 0x23, 0x09, 0x0a, 0x0a, 0x23, 0x23, 0x23, 0x23, 0x23, 0x23, 0x23, 0x23, 0x23, 0x23, 0x23, 0x17, 0x17, 0x19, 0x19, 0x23, 0x23, 0x23, 0x23, 0x23, 0x23, 0x23, 0x23, 0x23, },
    /*0xc4*/{0x23, 0x23, 0x23, 0x23, 0x23, 0x23, 0x23, 0x23, 0x23, 0x09, 0x0a, 0x0a, 0x23, 0x23, 0x23, 0x23, 0x23, 0x23, 0x23, 0x23, 0x23, 0x23, 0x23, 0x17, 0x17, 0x19, 0x19, 0x23, 0x23, 0x23, 0x23, 0x23, 0x23, 0x23, 0x23, 0x23, },
    /*0xc5*/{0x23, 0x23, 0x23, 0x23, 0x23, 0x23, 0x23, 0x23, 0x23, 0x09, 0x0a, 0x0a, 0x23, 0x23, 0x23, 0x23, 0x23, 0x23, 0x23, 0x23, 0x23, 0x23, 0x23, 0x17, 0x17, 0x19, 0x19, 0x23, 0x23, 0x23, 0x23, 0x23, 0x23, 0x23, 0x23, 0x23, },
    /*0xc6*/{0x23, 0x23, 0x23, 0x23, 0x23, 0x23, 0x23, 0x23, 0x23, 0x09, 0x0a, 0x0a, 0x23, 0x23, 0x23, 0x23, 0x23, 0x23, 0x23, 0x23, 0x23, 0x23, 0x23, 0x17, 0x17, 0x19, 0x19, 0x23, 0x23, 0x23, 0x23, 0x23, 0x23, 0x23, 0x23, 0x23, },
    /*0xc7*/{0x23, 0x23, 0x23, 0x23, 0x23, 0x23, 0x23, 0x23, 0x23, 0x09, 0x0a, 0x0a, 0x23, 0x23, 0x23, 0x23, 0x23, 0x23, 0x23, 0x23, 0x23, 0x23, 0x23, 0x17, 0x17, 0x19, 0x19, 0x23, 0x23, 0x23, 0x23, 0x23, 0x23, 0x23, 0x23, 0x23, },
    /*0xc8*/{0x23, 0x23, 0x23, 0x23, 0x23, 0x23, 0x23, 0x23, 0x23, 0x09, 0x0a, 0x0a, 0x23, 0x23, 0x23, 0x23, 0x23, 0x23, 0x23, 0x23, 0x23, 0x23, 0x23, 0x17, 0x17, 0x19, 0x19, 0x23, 0x23, 0x23, 0x23, 0x23, 0x23, 0x23, 0x23, 0x23, },
    /*0xc9*/{0x23, 0x23, 0x23, 0x23, 0x23, 0x23, 0x23, 0x23, 0x23, 0x09, 0x0a, 0x0a, 0x23, 0x23, 0x23, 0x23, 0x23, 0x23, 0x23, 0x23, 0x23, 0x23, 0x23, 0x17, 0x17, 0x19, 0x19, 0x23, 0x23, 0x23, 0x23, 0x23, 0x23, 0x23, 0x23, 0x23, },
    /*0xca*/{0x23, 0x23, 0x23, 0x23, 0x23, 0x23, 0x23, 0x23, 0x23, 0x09, 0x0a, 0x0a, 0x23, 0x23, 0x23, 0x23, 0x23, 0x23, 0x23, 0x23, 0x23, 0x23, 0x23, 0x17, 0x17, 0x19, 0x19, 0x23, 0x23, 0x23, 0x23, 0x23, 0x23, 0x23, 0x23, 0x23, },
    /*0xcb*/{0x23, 0x23, 0x23, 0x23, 0x23, 0x23, 0x23, 0x23, 0x23, 0x09, 0x0a, 0x0a, 0x23, 0x23, 0x23, 0x23, 0x23, 0x23, 0x23, 0x23, 0x23, 0x23, 0x23, 0x17, 0x17, 0x19, 0x19, 0x23, 0x23, 0x23, 0x23, 0x23, 0x23, 0x23, 0x23, 0x23, },
    /*0xcc*/{0x23, 0x23, 0x23, 0x23, 0x23, 0x23, 0x23, 0x23, 0x23, 0x09, 0x0a, 0x0a, 0x23, 0x23, 0x23, 0x23, 0x23, 0x23, 0x23, 0x23, 0x23, 0x23, 0x23, 0x17, 0x17, 0x19, 0x19, 0x23, 0x23, 0x23, 0x23, 0x23, 0x23, 0x23, 0x23, 0x23, },
    /*0xcd*/{0x23, 0x23, 0x23, 0x23, 0x23, 0x23, 0x23, 0x23, 0x23, 0x09, 0x0a, 0x0a, 0x23, 0x23, 0x23, 0x23, 0x23, 0x23, 0x23, 0x23, 0x23, 0x23, 0x23, 0x17, 0x17, 0x19, 0x19, 0x23, 0x23, 0x23, 0x23, 0x23, 0x23, 0x23, 0x23, 0x23, },
    /*0xce*/{0x23, 0x23, 0x23, 0x23, 0x23, 0x23, 0x23, 0x23, 0x23, 0x09, 0x0a, 0x0a, 0x23, 0x23, 0x23, 0x23, 0x23, 0x23, 0x23, 0x23, 0x23, 0x23, 0x23, 0x17, 0x17, 0x19, 0x19, 0x23, 0x23, 0x23, 0x23, 0x23, 0x23, 0x23, 0x23, 0x23, },
    /*0xcf*/{0x23, 0x23, 0x23, 0x23, 0x23, 0x23, 0x23, 0x23, 0x23, 0x09, 0x0a, 0x0a, 0x23, 0x23, 0x23, 0x23, 0x23, 0x23, 0x23, 0x23, 0x23, 0x23, 0x23, 0x17, 0x17, 0x19, 0x19, 0x23, 0x23, 0x23, 0x23, 0x23, 0x23, 0x23, 0x23, 0x23, },
    /*0xd0*/{0x23, 0x23, 0x23, 0x23, 0x23, 0x23, 0x23, 0x23, 0x23, 0x09, 0x0a, 0x0a, 0x23, 0x23, 0x23, 0x23, 0x23, 0x23, 0x23, 0x23, 0x23, 0x23, 0x23, 0x17, 0x17, 0x19, 0x19, 0x23, 0x23, 0x23, 0x23, 0x23, 0x23, 0x23, 0x23, 0x23, },
    /*0xd1*/{0x23, 0x23, 0x23, 0x23, 0x23, 0x23, 0x23, 0x23, 0x23, 0x09, 0x0a, 0x0a, 0x23, 0x23, 0x23, 0x23, 0x23, 0x23, 0x23, 0x23, 0x23, 0x23, 0x23, 0x17, 0x17, 0x19, 0x19, 0x23, 0x23, 0x23, 0x23, 0x23, 0x23, 0x23, 0x23, 0x23, },
    /*0xd2*/{0x23, 0x23, 0x23, 0x23, 0x23, 0x23, 0x23, 0x23, 0x23, 0x09, 0x0a, 0x0a, 0x23, 0x23, 0x23, 0x23, 0x23, 0x23, 0x23, 0x23, 0x23, 0x23, 0x23, 0x17, 0x17, 0x19, 0x19, 0x23, 0x23, 0x23, 0x23, 0x23, 0x23, 0x23, 0x23, 0x23, },
    /*0xd3*/{0x23, 0x23, 0x23, 0x23, 0x23, 0x23, 0x23, 0x23, 0x23, 0x09, 0x0a, 0x0a, 0x23, 0x23, 0x23, 0x23, 0x23, 0x23, 0x23, 0x23, 0x23, 0x23, 0x23, 0x17, 0x17, 0x19, 0x19, 0x23, 0x23, 0x23, 0x23, 0x23, 0x23, 0x23, 0x23, 0x23, },
    /*0xd4*/{0x23, 0x23, 0x23, 0x23, 0x23, 0x23, 0x23, 0x23, 0x23, 0x09, 0x0a, 0x0a, 0x23, 0x23, 0x23, 0x23, 0x23, 0x23, 0x23, 0x23, 0x23, 0x23, 0x23, 0x17, 0x17, 0x19, 0x19, 0x23, 0x23, 0x23, 0x23, 0x23, 0x23, 0x23, 0x23, 0x23, },
    /*0xd5*/{0x23, 0x23, 0x23, 0x23, 0x23, 0x23, 0x23, 0x23, 0x23, 0x09, 0x0a, 0x0a, 0x23, 0x23, 0x23, 0x23, 0x23, 0x23, 0x23, 0x23, 0x23, 0x23, 0x23, 0x17, 0x17, 0x19, 0x19, 0x23, 0x23, 0x23, 0x23, 0x23, 0x23, 0x23, 0x23, 0x23, },
    /*0xd6*/{0x23, 0x23, 0x23, 0x23, 0x23, 0x23, 0x23, 0x23, 0x23, 0x09, 0x0a, 0x0a, 0x23, 0x23, 0x23, 0x23, 0x23, 0x23, 0x23, 0x23, 0x23, 0x23, 0x23, 0x17, 0x17, 0x19, 0x19, 0x23, 0x23, 0x23, 0x23, 0x23, 0x23, 0x23, 0x23, 0x23, },
    /*0xd7*/{0x23, 0x23, 0x23, 0x23, 0x23, 0x23, 0x23, 0x23, 0x23, 0x09, 0x0a, 0x0a, 0x23, 0x23, 0x23, 0x23, 0x23, 0x23, 0x23, 0x23, 0x23, 0x23, 0x23, 0x17, 0x17, 0x19, 0x19, 0x23, 0x23, 0x23, 0x23, 0x23, 0x23, 0x23, 0x23, 0x23, },
    /*0xd8*/{0x23, 0x23, 0x23, 0x23, 0x23, 0x23, 0x23, 0x23, 0x23, 0x09, 0x0a, 0x0a, 0x23, 0x23, 0x23, 0x23, 0x23, 0x23, 0x23, 0x23, 0x23, 0x23, 0x23, 0x17, 0x17, 0x19, 0x19, 0x23, 0x23, 0x23, 0x23, 0x23, 0x23, 0x23, 0x23, 0x23, },
    /*0xd9*/{0x23, 0x23, 0x23, 0x23, 0x23, 0x23, 0x23, 0x23, 0x23, 0x09, 0x0a, 0x0a, 0x23, 0x23, 0x23, 0x23, 0x23, 0x23, 0x23, 0x23, 0x23, 0x23, 0x23, 0x17, 0x17, 0x19, 0x19, 0x23, 0x23, 0x23, 0x23, 0x23, 0x23, 0x23, 0x23, 0x23, },
    /*0xda*/{0x23, 0x23, 0x23, 0x23, 0x23, 0x23, 0x23, 0x23, 0x23, 0x09, 0x0a, 0x0a, 0x23, 0x23, 0x23, 0x23, 0x23, 0x23, 0x23, 0x23, 0x23, 0x23, 0x23, 0x17, 0x17, 0x19, 0x19, 0x23, 0x23, 0x23, 0x23, 0x23, 0x23, 0x23, 0x23, 0x23, },
    /*0xdb*/{0x23, 0x23, 0x23, 0x23, 0x23, 0x23, 0x23, 0x23, 0x23, 0x09, 0x0a, 0x0a, 0x23, 0x23, 0x23, 0x23, 0x23, 0x23, 0x23, 0x23, 0x23, 0x23, 0x23, 0x17, 0x17, 0x19, 0x19, 0x23, 0x23, 0x23, 0x23, 0x23, 0x23, 0x23, 0x23, 0x23, },
    /*0xdc*/{0x23, 0x23, 0x23, 0x23, 0x23, 0x23, 0x23, 0x23, 0x23, 0x09, 0x0a, 0x0a, 0x23, 0x23, 0x23, 0x23, 0x23, 0x23, 0x23, 0x23, 0x23, 0x23, 0x23, 0x17, 0x17, 0x19, 0x19, 0x23, 0x23, 0x23, 0x23, 0x23, 0x23, 0x23, 0x23, 0x23, },
    /*0xdd*/{0x23, 0x23, 0x23, 0x23, 0x23, 0x23, 0x23, 0x23, 0x23, 0x09, 0x0a, 0x0a, 0x23, 0x23, 0x23, 0x23, 0x23, 0x23, 0x23, 0x23, 0x23, 0x23, 0x23, 0x17, 0x17, 0x19, 0x19, 0x23, 0x23, 0x23, 0x23, 0x23, 0x23, 0x23, 0x23, 0x23, },
    /*0xde*/{0x23, 0x23, 0x23, 0x23, 0x23, 0x23, 0x23, 0x23, 0x23, 0x09, 0x0a, 0x0a, 0x23, 0x23, 0x23, 0x23, 0x23, 0x23, 0x23, 0x23, 0x23, 0x23, 0x23, 0x17, 0x17, 0x19, 0x19, 0x23, 0x23, 0x23, 0x23, 0x23, 0x23, 0x23, 0x23, 0x23, },
    /*0xdf*/{0x23, 0x23, 0x23, 0x23, 0x23, 0x23, 0x23, 0x23, 0x23, 0x09, 0x0a, 0x0a, 0x23, 0x23, 0x23, 0x23, 0x23, 0x23, 0x23, 0x23, 0x23, 0x23, 0x23, 0x17, 0x17, 0x19, 0x19, 0x23, 0x23, 0x23, 0x23, 0x23, 0x23, 0x23, 0x23, 0x23, },
    /*0xe0*/{0x23, 0x23, 0x23, 0x23, 0x23, 0x23, 0x23, 0x23, 0x23, 0x09, 0x0a, 0x0a, 0x23, 0x23, 0x23, 0x23, 0x23, 0x23, 0x23, 0x23, 0x23, 0x23, 0x23, 0x17, 0x17, 0x19, 0x19, 0x23, 0x23, 0x23, 0x23, 0x23, 0x23, 0x23, 0x23, 0x23, },
    /*0xe1*/{0x23, 0x23, 0x23, 0x23, 0x23, 0x23, 0x23, 0x23, 0x23, 0x09, 0x0a, 0x0a, 0x23, 0x23, 0x23, 0x23, 0x23, 0x23, 0x23, 0x23, 0x23, 0x23, 0x23, 0x17, 0x17, 0x19, 0x19, 0x23, 0x23, 0x23, 0x23, 0x23, 0x23, 0x23, 0x23, 0x23, },
    /*0xe2*/{0x23, 0x23, 0x23, 0x23, 0x23, 0x23, 0x23, 0x23, 0x23, 0x09, 0x0a, 0x0a, 0x23, 0x23, 0x23, 0x23, 0x23, 0x23, 0x23, 0x23, 0x23, 0x23, 0x23, 0x17, 0x17, 0x19, 0x19, 0x23, 0x23, 0x23, 0x23, 0x23, 0x23, 0x23, 0x23, 0x23, },
    /*0xe3*/{0x23, 0x23, 0x23, 0x23, 0x23, 0x23, 0x23, 0x23, 0x23, 0x09, 0x0a, 0x0a, 0x23, 0x23, 0x23, 0x23, 0x23, 0x23, 0x23, 0x23, 0x23, 0x23, 0x23, 0x17, 0x17, 0x19, 0x19, 0x23, 0x23, 0x23, 0x23, 0x23, 0x23, 0x23, 0x23, 0x23, },
    /*0xe4*/{0x23, 0x23, 0x23, 0x23, 0x23, 0x23, 0x23, 0x23, 0x23, 0x09, 0x0a, 0x0a, 0x23, 0x23, 0x23, 0x23, 0x23, 0x23, 0x23, 0x23, 0x23, 0x23, 0x23, 0x17, 0x17, 0x19, 0x19, 0x23, 0x23, 0x23, 0x23, 0x23, 0x23, 0x23, 0x23, 0x23, },
    /*0xe5*/{0x23, 0x23, 0x23, 0x23, 0x23, 0x23, 0x23, 0x23, 0x23, 0x09, 0x0a, 0x0a, 0x23, 0x23, 0x23, 0x23, 0x23, 0x23, 0x23, 0x23, 0x23, 0x23, 0x23, 0x17, 0x17, 0x19, 0x19, 0x23, 0x23, 0x23, 0x23, 0x23, 0x23, 0x23, 0x23, 0x23, },
    /*0xe6*/{0x23, 0x23, 0x23, 0x23, 0x23, 0x23, 0x23, 0x23, 0x23, 0x09, 0x0a, 0x0a, 0x23, 0x23, 0x23, 0x23, 0x23, 0x23, 0x23, 0x23, 0x23, 0x23, 0x23, 0x17, 0x17, 0x19, 0x19, 0x23, 0x23, 0x23, 0x23, 0x23, 0x23, 0x23, 0x23, 0x23, },
    /*0xe7*/{0x23, 0x23, 0x23, 0x23, 0x23, 0x23, 0x23, 0x23, 0x23, 0x09, 0x0a, 0x0a, 0x23, 0x23, 0x23, 0x23, 0x23, 0x23, 0x23, 0x23, 0x23, 0x23, 0x23, 0x17, 0x17, 0x19, 0x19, 0x23, 0x23, 0x23, 0x23, 0x23, 0x23, 0x23, 0x23, 0x23, },
    /*0xe8*/{0x23, 0x23, 0x23, 0x23, 0x23, 0x23, 0x23, 0x23, 0x23, 0x09, 0x0a, 0x0a, 0x23, 0x23, 0x23, 0x23, 0x23, 0x23, 0x23, 0x23, 0x23, 0x23, 0x23, 0x17, 0x17, 0x19, 0x19, 0x23, 0x23, 0x23, 0x23, 0x23, 0x23, 0x23, 0x23, 0x23, },
    /*0xe9*/{0x23, 0x23, 0x23, 0x23, 0x23, 0x23, 0x23, 0x23, 0x23, 0x09, 0x0a, 0x0a, 0x23, 0x23, 0x23, 0x23, 0x23, 0x23, 0x23, 0x23, 0x23, 0x23, 0x23, 0x17, 0x17, 0x19, 0x19, 0x23, 0x23, 0x23, 0x23, 0x23, 0x23, 0x23, 0x23, 0x23, },
    /*0xea*/{0x23, 0x23, 0x23, 0x23, 0x23, 0x23, 0x23, 0x23, 0x23, 0x09, 0x0a, 0x0a, 0x23, 0x23, 0x23, 0x23, 0x23, 0x23, 0x23, 0x23, 0x23, 0x23, 0x23, 0x17, 0x17, 0x19, 0x19, 0x23, 0x23, 0x23, 0x23, 0x23, 0x23, 0x23, 0x23, 0x23, },
    /*0xeb*/{0x23, 0x23, 0x23, 0x23, 0x23, 0x23, 0x23, 0x23, 0x23, 0x09, 0x0a, 0x0a, 0x23, 0x23, 0x23, 0x23, 0x23, 0x23, 0x23, 0x23, 0x23, 0x23, 0x23, 0x17, 0x17, 0x19, 0x19, 0x23, 0x23, 0x23, 0x23, 0x23, 0x23, 0x23, 0x23, 0x23, },
    /*0xec*/{0x23, 0x23, 0x23, 0x23, 0x23, 0x23, 0x23, 0x23, 0x23, 0x09, 0x0a, 0x0a, 0x23, 0x23, 0x23, 0x23, 0x23, 0x23, 0x23, 0x23, 0x23, 0x23, 0x23, 0x17, 0x17, 0x19, 0x19, 0x23, 0x23, 0x23, 0x23, 0x23, 0x23, 0x23, 0x23, 0x23, },
    /*0xed*/{0x23, 0x23, 0x23, 0x23, 0x23, 0x23, 0x23, 0x23, 0x23, 0x09, 0x0a, 0x0a, 0x23, 0x23, 0x23, 0x23, 0x23, 0x23, 0x23, 0x23, 0x23, 0x23, 0x23, 0x17, 0x17, 0x19, 0x19, 0x23, 0x23, 0x23, 0x23, 0x23, 0x23, 0x23, 0x23, 0x23, },
    /*0xee*/{0x23, 0x23, 0x23, 0x23, 0x23, 0x23, 0x23, 0x23, 0x23, 0x09, 0x0a, 0x0a, 0x23, 0x23, 0x23, 0x23, 0x23, 0x23, 0x23, 0x23, 0x23, 0x23, 0x23, 0x17, 0x17, 0x19, 0x19, 0x23, 0x23, 0x23, 0x23, 0x23, 0x23, 0x23, 0x23, 0x23, },
    /*0xef*/{0x23, 0x23, 0x23, 0x23, 0x23, 0x23, 0x23, 0x23, 0x23, 0x09, 0x0a, 0x0a, 0x23, 0x23, 0x23, 0x23, 0x23, 0x23, 0x23, 0x23, 0x23, 0x23, 0x23, 0x17, 0x17, 0x19, 0x19, 0x23, 0x23, 0x23, 0x23, 0x23, 0x23, 0x23, 0x23, 0x23, },
    /*0xf0*/{0x23, 0x23, 0x23, 0x23, 0x23, 0x23, 0x23, 0x23, 0x23, 0x09, 0x0a, 0x0a, 0x23, 0x23, 0x23, 0x23, 0x23, 0x23, 0x23, 0x23, 0x23, 0x23, 0x23, 0x17, 0x17, 0x19, 0x19, 0x23, 0x23, 0x23, 0x23, 0x23, 0x23, 0x23, 0x23, 0x23, },
    /*0xf1*/{0x23, 0x23, 0x23, 0x23, 0x23, 0x23, 0x23, 0x23, 0x23, 0x09, 0x0a, 0x0a, 0x23, 0x23, 0x23, 0x23, 0x23, 0x23, 0x23, 0x23, 0x23, 0x23, 0x23, 0x17, 0x17, 0x19, 0x19, 0x23, 0x23, 0x23, 0x23, 0x23, 0x23, 0x23, 0x23, 0x23, },
    /*0xf2*/{0x23, 0x23, 0x23, 0x23, 0x23, 0x23, 0x23, 0x23, 0x23, 0x09, 0x0a, 0x0a, 0x23, 0x23, 0x23, 0x23, 0x23, 0x23, 0x23, 0x23, 0x23, 0x23, 0x23, 0x17, 0x17, 0x19, 0x19, 0x23, 0x23, 0x23, 0x23, 0x23, 0x23, 0x23, 0x23, 0x23, },
    /*0xf3*/{0x23, 0x23, 0x23, 0x23, 0x23, 0x23, 0x23, 0x23, 0x23, 0x09, 0x0a, 0x0a, 0x23, 0x23, 0x23, 0x23, 0x23, 0x23, 0x23, 0x23, 0x23, 0x23, 0x23, 0x17, 0x17, 0x19, 0x19, 0x23, 0x23, 0x23, 0x23, 0x23, 0x23, 0x23, 0x23, 0x23, },
    /*0xf4*/{0x23, 0x23, 0x23, 0x23, 0x23, 0x23, 0x23, 0x23, 0x23, 0x09, 0x0a, 0x0a, 0x23, 0x23, 0x23, 0x23, 0x23, 0x23, 0x23, 0x23, 0x23, 0x23, 0x23, 0x17, 0x17, 0x19, 0x19, 0x23, 0x23, 0x23, 0x23, 0x23, 0x23, 0x23, 0x23, 0x23, },
    /*0xf5*/{0x23, 0x23, 0x23, 0x23, 0x23, 0x23, 0x23, 0x23, 0x23, 0x09, 0x0a, 0x0a, 0x23, 0x23, 0x23, 0x23, 0x23, 0x23, 0x23, 0x23, 0x23, 0x23, 0x23, 0x17, 0x17, 0x19, 0x19, 0x23, 0x23, 0x23, 0x23, 0x23, 0x23, 0x23, 0x23, 0x23, },
    /*0xf6*/{0x23, 0x23, 0x23, 0x23, 0x23, 0x23, 0x23, 0x23, 0x23, 0x09, 0x0a, 0x0a, 0x23, 0x23, 0x23, 0x23, 0x23, 0x23, 0x23, 0x23, 0x23, 0x23, 0x23, 0x17, 0x17, 0x19, 0x19, 0x23, 0x23, 0x23, 0x23, 0x23, 0x23, 0x23, 0x23, 0x23, },
    /*0xf7*/{0x23, 0x23, 0x23, 0x23, 0x23, 0x23, 0x23, 0x23, 0x23, 0x09, 0x0a, 0x0a, 0x23, 0x23, 0x23, 0x23, 0x23, 0x23, 0x23, 0x23, 0x23, 0x23, 0x23, 0x17, 0x17, 0x19, 0x19, 0x23, 0x23, 0x23, 0x23, 0x23, 0x23, 0x23, 0x23, 0x23, },
    /*0xf8*/{0x23, 0x23, 0x23, 0x23, 0x23, 0x23, 0x23, 0x23, 0x23, 0x09, 0x0a, 0x0a, 0x23, 0x23, 0x23, 0x23, 0x23, 0x23, 0x23, 0x23, 0x23, 0x23, 0x23, 0x17, 0x17, 0x19, 0x19, 0x23, 0x23, 0x23, 0x23, 0x23, 0x23, 0x23, 0x23, 0x23, },
    /*0xf9*/{0x23, 0x23, 0x23, 0x23, 0x23, 0x23, 0x23, 0x23, 0x23, 0x09, 0x0a, 0x0a, 0x23, 0x23, 0x23, 0x23, 0x23, 0x23, 0x23, 0x23, 0x23, 0x23, 0x23, 0x17, 0x17, 0x19, 0x19, 0x23, 0x23, 0x23, 0x23, 0x23, 0x23, 0x23, 0x23, 0x23, },
    /*0xfa*/{0x23, 0x23, 0x23, 0x23, 0x23, 0x23, 0x23, 0x23, 0x23, 0x09, 0x0a, 0x0a, 0x23, 0x23, 0x23, 0x23, 0x23, 0x23, 0x23, 0x23, 0x23, 0x23, 0x23, 0x17, 0x17, 0x19, 0x19, 0x23, 0x23, 0x23, 0x23, 0x23, 0x23, 0x23, 0x23, 0x23, },
    /*0xfb*/{0x23, 0x23, 0x23, 0x23, 0x23, 0x23, 0x23, 0x23, 0x23, 0x09, 0x0a, 0x0a, 0x23, 0x23, 0x23, 0x23, 0x23, 0x23, 0x23, 0x23, 0x23, 0x23, 0x23, 0x17, 0x17, 0x19, 0x19, 0x23, 0x23, 0x23, 0x23, 0x23, 0x23, 0x23, 0x23, 0x23, },
    /*0xfc*/{0x23, 0x23, 0x23, 0x23, 0x23, 0x23, 0x23, 0x23, 0x23, 0x09, 0x0a, 0x0a, 0x23, 0x23, 0x23, 0x23, 0x23, 0x23, 0x23, 0x23, 0x23, 0x23, 0x23, 0x17, 0x17, 0x19, 0x19, 0x23, 0x23, 0x23, 0x23, 0x23, 0x23, 0x23, 0x23, 0x23, },
    /*0xfd*/{0x23, 0x23, 0x23, 0x23, 0x23, 0x23, 0x23, 0x23, 0x23, 0x09, 0x0a, 0x0a, 0x23, 0x23, 0x23, 0x23, 0x23, 0x23, 0x23, 0x23, 0x23, 0x23, 0x23, 0x17, 0x17, 0x19, 0x19, 0x23, 0x23, 0x23, 0x23, 0x23, 0x23, 0x23, 0x23, 0x23, },
    /*0xfe*/{0x23, 0x23, 0x23, 0x23, 0x23, 0x23, 0x23, 0x23, 0x23, 0x09, 0x0a, 0x0a, 0x23, 0x23, 0x23, 0x23, 0x23, 0x23, 0x23, 0x23, 0x23, 0x23, 0x23, 0x17, 0x17, 0x19, 0x19, 0x23, 0x23, 0x23, 0x23, 0x23, 0x23, 0x23, 0x23, 0x23, },
    /*0xff*/{0x23, 0x23, 0x23, 0x23, 0x23, 0x23, 0x23, 0x23, 0x23, 0x09, 0x0a, 0x0a, 0x23, 0x23, 0x23, 0x23, 0x23, 0x23, 0x23, 0x23, 0x23, 0x23, 0x23, 0x17, 0x17, 0x19, 0x19, 0x23, 0x23, 0x23, 0x23, 0x23, 0x23, 0x23, 0x23, 0x23, },
};

static u8 dfa_info[256][DFA_STATE_count] = {
    /*0x00*/{0x41, 0xc1, 0xc1, 0xc1, 0xc1, 0xc1, 0xc1, 0xc1, 0xc1, 0x00, 0x00, 0x00, 0xc1, 0xc1, 0xc1, 0xc1, 0xc1, 0xc1, 0xc1, 0xc1, 0xc1, 0xc1, 0xc1, 0x00, 0x00, 0x00, 0x00, 0xc1, 0xc1, 0xc1, 0xc1, 0xc1, 0xc1, 0xc1, 0xc1, 0xc1, },
    /*0x01*/{0x41, 0xc1, 0xc1, 0xc1, 0xc1, 0xc1, 0xc1, 0xc1, 0xc1, 0x00, 0x00, 0x00, 0xc1, 0xc1, 0xc1, 0xc1, 0xc1, 0xc1, 0xc1, 0xc1, 0xc1, 0xc1, 0xc1, 0x00, 0x00, 0x00, 0x00, 0xc1, 0xc1, 0xc1, 0xc1, 0xc1, 0xc1, 0xc1, 0xc1, 0xc1, },
    /*0x02*/{0x41, 0xc1, 0xc1, 0xc1, 0xc1, 0xc1, 0xc1, 0xc1, 0xc1, 0x00, 0x00, 0x00, 0xc1, 0xc1, 0xc1, 0xc1, 0xc1, 0xc1, 0xc1, 0xc1, 0xc1, 0xc1, 0xc1, 0x00, 0x00, 0x00, 0x00, 0xc1, 0xc1, 0xc1, 0xc1, 0xc1, 0xc1, 0xc1, 0xc1, 0xc1, },
    /*0x03*/{0x41, 0xc1, 0xc1, 0xc1, 0xc1, 0xc1, 0xc1, 0xc1, 0xc1, 0x00, 0x00, 0x00, 0xc1, 0xc1, 0xc1, 0xc1, 0xc1, 0xc1, 0xc1, 0xc1, 0xc1, 0xc1, 0xc1, 0x00, 0x00, 0x00, 0x00, 0xc1, 0xc1, 0xc1, 0xc1, 0xc1, 0xc1, 0xc1, 0xc1, 0xc1, },
    /*0x04*/{0x41, 0xc1, 0xc1, 0xc1, 0xc1, 0xc1, 0xc1, 0xc1, 0xc1, 0x00, 0x00, 0x00, 0xc1, 0xc1, 0xc1, 0xc1, 0xc1, 0xc1, 0xc1, 0xc1, 0xc1, 0xc1, 0xc1, 0x00, 0x00, 0x00, 0x00, 0xc1, 0xc1, 0xc1, 0xc1, 0xc1, 0xc1, 0xc1, 0xc1, 0xc1, },
    /*0x05*/{0x41, 0xc1, 0xc1, 0xc1, 0xc1, 0xc1, 0xc1, 0xc1, 0xc1, 0x00, 0x00, 0x00, 0xc1, 0xc1, 0xc1, 0xc1, 0xc1, 0xc1, 0xc1, 0xc1, 0xc1, 0xc1, 0xc1, 0x00, 0x00, 0x00, 0x00, 0xc1, 0xc1, 0xc1, 0xc1, 0xc1, 0xc1, 0xc1, 0xc1, 0xc1, },
    /*0x06*/{0x41, 0xc1, 0xc1, 0xc1, 0xc1, 0xc1, 0xc1, 0xc1, 0xc1, 0x00, 0x00, 0x00, 0xc1, 0xc1, 0xc1, 0xc1, 0xc1, 0xc1, 0xc1, 0xc1, 0xc1, 0xc1, 0xc1, 0x00, 0x00, 0x00, 0x00, 0xc1, 0xc1, 0xc1, 0xc1, 0xc1, 0xc1, 0xc1, 0xc1, 0xc1, },
    /*0x07*/{0x41, 0xc1, 0xc1, 0xc1, 0xc1, 0xc1, 0xc1, 0xc1, 0xc1, 0x00, 0x00, 0x00, 0xc1, 0xc1, 0xc1, 0xc1, 0xc1, 0xc1, 0xc1, 0xc1, 0xc1, 0xc1, 0xc1, 0x00, 0x00, 0x00, 0x00, 0xc1, 0xc1, 0xc1, 0xc1, 0xc1, 0xc1, 0xc1, 0xc1, 0xc1, },
    /*0x08*/{0x41, 0xc1, 0xc1, 0xc1, 0xc1, 0xc1, 0xc1, 0xc1, 0xc1, 0x00, 0x00, 0x00, 0xc1, 0xc1, 0xc1, 0xc1, 0xc1, 0xc1, 0xc1, 0xc1, 0xc1, 0xc1, 0xc1, 0x00, 0x00, 0x00, 0x00, 0xc1, 0xc1, 0xc1, 0xc1, 0xc1, 0xc1, 0xc1, 0xc1, 0xc1, },
    /*0x09*/{0x05, 0x05, 0x05, 0x85, 0x85, 0x85, 0x85, 0x85, 0x85, 0x00, 0x00, 0x00, 0x85, 0x85, 0x85, 0x85, 0x85, 0x85, 0x85, 0x85, 0x85, 0x85, 0x85, 0x00, 0x00, 0x00, 0x00, 0x85, 0x85, 0x85, 0x85, 0x85, 0x85, 0x85, 0x85, 0x85, },
    /*0x0a*/{0x44, 0xc4, 0x05, 0xc4, 0xc4, 0xc4, 0xc4, 0xc4, 0xc4, 0x44, 0x00, 0x00, 0xc4, 0xc4, 0xc4, 0xc4, 0xc4, 0xc4, 0xc4, 0xc4, 0xc4, 0xc4, 0xc4, 0x41, 0x00, 0x41, 0x00, 0xc4, 0xc4, 0xc4, 0xc4, 0xc4, 0xc4, 0xc4, 0xc4, 0xc4, },
    /*0x0b*/{0x05, 0x05, 0x05, 0x85, 0x85, 0x85, 0x85, 0x85, 0x85, 0x00, 0x00, 0x00, 0x85, 0x85, 0x85, 0x85, 0x85, 0x85, 0x85, 0x85, 0x85, 0x85, 0x85, 0x00, 0x00, 0x00, 0x00, 0x85, 0x85, 0x85, 0x85, 0x85, 0x85, 0x85, 0x85, 0x85, },
    /*0x0c*/{0x05, 0x05, 0x05, 0x85, 0x85, 0x85, 0x85, 0x85, 0x85, 0x00, 0x00, 0x00, 0x85, 0x85, 0x85, 0x85, 0x85, 0x85, 0x85, 0x85, 0x85, 0x85, 0x85, 0x00, 0x00, 0x00, 0x00, 0x85, 0x85, 0x85, 0x85, 0x85, 0x85, 0x85, 0x85, 0x85, },
    /*0x0d*/{0x05, 0x05, 0x05, 0x85, 0x85, 0x85, 0x85, 0x85, 0x85, 0x00, 0x00, 0x00, 0x85, 0x85, 0x85, 0x85, 0x85, 0x85, 0x85, 0x85, 0x85, 0x85, 0x85, 0x00, 0x00, 0x00, 0x00, 0x85, 0x85, 0x85, 0x85, 0x85, 0x85, 0x85, 0x85, 0x85, },
    /*0x0e*/{0x41, 0xc1, 0xc1, 0xc1, 0xc1, 0xc1, 0xc1, 0xc1, 0xc1, 0x00, 0x00, 0x00, 0xc1, 0xc1, 0xc1, 0xc1, 0xc1, 0xc1, 0xc1, 0xc1, 0xc1, 0xc1, 0xc1, 0x00, 0x00, 0x00, 0x00, 0xc1, 0xc1, 0xc1, 0xc1, 0xc1, 0xc1, 0xc1, 0xc1, 0xc1, },
    /*0x0f*/{0x41, 0xc1, 0xc1, 0xc1, 0xc1, 0xc1, 0xc1, 0xc1, 0xc1, 0x00, 0x00, 0x00, 0xc1, 0xc1, 0xc1, 0xc1, 0xc1, 0xc1, 0xc1, 0xc1, 0xc1, 0xc1, 0xc1, 0x00, 0x00, 0x00, 0x00, 0xc1, 0xc1, 0xc1, 0xc1, 0xc1, 0xc1, 0xc1, 0xc1, 0xc1, },
    /*0x10*/{0x41, 0xc1, 0xc1, 0xc1, 0xc1, 0xc1, 0xc1, 0xc1, 0xc1, 0x00, 0x00, 0x00, 0xc1, 0xc1, 0xc1, 0xc1, 0xc1, 0xc1, 0xc1, 0xc1, 0xc1, 0xc1, 0xc1, 0x00, 0x00, 0x00, 0x00, 0xc1, 0xc1, 0xc1, 0xc1, 0xc1, 0xc1, 0xc1, 0xc1, 0xc1, },
    /*0x11*/{0x41, 0xc1, 0xc1, 0xc1, 0xc1, 0xc1, 0xc1, 0xc1, 0xc1, 0x00, 0x00, 0x00, 0xc1, 0xc1, 0xc1, 0xc1, 0xc1, 0xc1, 0xc1, 0xc1, 0xc1, 0xc1, 0xc1, 0x00, 0x00, 0x00, 0x00, 0xc1, 0xc1, 0xc1, 0xc1, 0xc1, 0xc1, 0xc1, 0xc1, 0xc1, },
    /*0x12*/{0x41, 0xc1, 0xc1, 0xc1, 0xc1, 0xc1, 0xc1, 0xc1, 0xc1, 0x00, 0x00, 0x00, 0xc1, 0xc1, 0xc1, 0xc1, 0xc1, 0xc1, 0xc1, 0xc1, 0xc1, 0xc1, 0xc1, 0x00, 0x00, 0x00, 0x00, 0xc1, 0xc1, 0xc1, 0xc1, 0xc1, 0xc1, 0xc1, 0xc1, 0xc1, },
    /*0x13*/{0x41, 0xc1, 0xc1, 0xc1, 0xc1, 0xc1, 0xc1, 0xc1, 0xc1, 0x00, 0x00, 0x00, 0xc1, 0xc1, 0xc1, 0xc1, 0xc1, 0xc1, 0xc1, 0xc1, 0xc1, 0xc1, 0xc1, 0x00, 0x00, 0x00, 0x00, 0xc1, 0xc1, 0xc1, 0xc1, 0xc1, 0xc1, 0xc1, 0xc1, 0xc1, },
    /*0x14*/{0x41, 0xc1, 0xc1, 0xc1, 0xc1, 0xc1, 0xc1, 0xc1, 0xc1, 0x00, 0x00, 0x00, 0xc1, 0xc1, 0xc1, 0xc1, 0xc1, 0xc1, 0xc1, 0xc1, 0xc1, 0xc1, 0xc1, 0x00, 0x00, 0x00, 0x00, 0xc1, 0xc1, 0xc1, 0xc1, 0xc1, 0xc1, 0xc1, 0xc1, 0xc1, },
    /*0x15*/{0x41, 0xc1, 0xc1, 0xc1, 0xc1, 0xc1, 0xc1, 0xc1, 0xc1, 0x00, 0x00, 0x00, 0xc1, 0xc1, 0xc1, 0xc1, 0xc1, 0xc1, 0xc1, 0xc1, 0xc1, 0xc1, 0xc1, 0x00, 0x00, 0x00, 0x00, 0xc1, 0xc1, 0xc1, 0xc1, 0xc1, 0xc1, 0xc1, 0xc1, 0xc1, },
    /*0x16*/{0x41, 0xc1, 0xc1, 0xc1, 0xc1, 0xc1, 0xc1, 0xc1, 0xc1, 0x00, 0x00, 0x00, 0xc1, 0xc1, 0xc1, 0xc1, 0xc1, 0xc1, 0xc1, 0xc1, 0xc1, 0xc1, 0xc1, 0x00, 0x00, 0x00, 0x00, 0xc1, 0xc1, 0xc1, 0xc1, 0xc1, 0xc1, 0xc1, 0xc1, 0xc1, },
    /*0x17*/{0x41, 0xc1, 0xc1, 0xc1, 0xc1, 0xc1, 0xc1, 0xc1, 0xc1, 0x00, 0x00, 0x00, 0xc1, 0xc1, 0xc1, 0xc1, 0xc1, 0xc1, 0xc1, 0xc1, 0xc1, 0xc1, 0xc1, 0x00, 0x00, 0x00, 0x00, 0xc1, 0xc1, 0xc1, 0xc1, 0xc1, 0xc1, 0xc1, 0xc1, 0xc1, },
    /*0x18*/{0x41, 0xc1, 0xc1, 0xc1, 0xc1, 0xc1, 0xc1, 0xc1, 0xc1, 0x00, 0x00, 0x00, 0xc1, 0xc1, 0xc1, 0xc1, 0xc1, 0xc1, 0xc1, 0xc1, 0xc1, 0xc1, 0xc1, 0x00, 0x00, 0x00, 0x00, 0xc1, 0xc1, 0xc1, 0xc1, 0xc1, 0xc1, 0xc1, 0xc1, 0xc1, },
    /*0x19*/{0x41, 0xc1, 0xc1, 0xc1, 0xc1, 0xc1, 0xc1, 0xc1, 0xc1, 0x00, 0x00, 0x00, 0xc1, 0xc1, 0xc1, 0xc1, 0xc1, 0xc1, 0xc1, 0xc1, 0xc1, 0xc1, 0xc1, 0x00, 0x00, 0x00, 0x00, 0xc1, 0xc1, 0xc1, 0xc1, 0xc1, 0xc1, 0xc1, 0xc1, 0xc1, },
    /*0x1a*/{0x41, 0xc1, 0xc1, 0xc1, 0xc1, 0xc1, 0xc1, 0xc1, 0xc1, 0x00, 0x00, 0x00, 0xc1, 0xc1, 0xc1, 0xc1, 0xc1, 0xc1, 0xc1, 0xc1, 0xc1, 0xc1, 0xc1, 0x00, 0x00, 0x00, 0x00, 0xc1, 0xc1, 0xc1, 0xc1, 0xc1, 0xc1, 0xc1, 0xc1, 0xc1, },
    /*0x1b*/{0x41, 0xc1, 0xc1, 0xc1, 0xc1, 0xc1, 0xc1, 0xc1, 0xc1, 0x00, 0x00, 0x00, 0xc1, 0xc1, 0xc1, 0xc1, 0xc1, 0xc1, 0xc1, 0xc1, 0xc1, 0xc1, 0xc1, 0x00, 0x00, 0x00, 0x00, 0xc1, 0xc1, 0xc1, 0xc1, 0xc1, 0xc1, 0xc1, 0xc1, 0xc1, },
    /*0x1c*/{0x41, 0xc1, 0xc1, 0xc1, 0xc1, 0xc1, 0xc1, 0xc1, 0xc1, 0x00, 0x00, 0x00, 0xc1, 0xc1, 0xc1, 0xc1, 0xc1, 0xc1, 0xc1, 0xc1, 0xc1, 0xc1, 0xc1, 0x00, 0x00, 0x00, 0x00, 0xc1, 0xc1, 0xc1, 0xc1, 0xc1, 0xc1, 0xc1, 0xc1, 0xc1, },
    /*0x1d*/{0x41, 0xc1, 0xc1, 0xc1, 0xc1, 0xc1, 0xc1, 0xc1, 0xc1, 0x00, 0x00, 0x00, 0xc1, 0xc1, 0xc1, 0xc1, 0xc1, 0xc1, 0xc1, 0xc1, 0xc1, 0xc1, 0xc1, 0x00, 0x00, 0x00, 0x00, 0xc1, 0xc1, 0xc1, 0xc1, 0xc1, 0xc1, 0xc1, 0xc1, 0xc1, },
    /*0x1e*/{0x41, 0xc1, 0xc1, 0xc1, 0xc1, 0xc1, 0xc1, 0xc1, 0xc1, 0x00, 0x00, 0x00, 0xc1, 0xc1, 0xc1, 0xc1, 0xc1, 0xc1, 0xc1, 0xc1, 0xc1, 0xc1, 0xc1, 0x00, 0x00, 0x00, 0x00, 0xc1, 0xc1, 0xc1, 0xc1, 0xc1, 0xc1, 0xc1, 0xc1, 0xc1, },
    /*0x1f*/{0x41, 0xc1, 0xc1, 0xc1, 0xc1, 0xc1, 0xc1, 0xc1, 0xc1, 0x00, 0x00, 0x00, 0xc1, 0xc1, 0xc1, 0xc1, 0xc1, 0xc1, 0xc1, 0xc1, 0xc1, 0xc1, 0xc1, 0x00, 0x00, 0x00, 0x00, 0xc1, 0xc1, 0xc1, 0xc1, 0xc1, 0xc1, 0xc1, 0xc1, 0xc1, },
    /*0x20*/{0x05, 0x05, 0x05, 0x85, 0x85, 0x85, 0x85, 0x85, 0x85, 0x00, 0x00, 0x00, 0x85, 0x85, 0x85, 0x85, 0x85, 0x85, 0x85, 0x85, 0x85, 0x85, 0x85, 0x00, 0x00, 0x00, 0x00, 0x85, 0x85, 0x85, 0x85, 0x85, 0x85, 0x85, 0x85, 0x85, },
    /*0x21*/{0x15, 0x95, 0x95, 0x95, 0x95, 0x95, 0x95, 0x95, 0x95, 0x00, 0x00, 0x00, 0x95, 0x95, 0x95, 0x95, 0x95, 0x95, 0x95, 0x95, 0x95, 0x95, 0x95, 0x00, 0x00, 0x00, 0x00, 0x95, 0x95, 0x95, 0x95, 0x95, 0x95, 0x95, 0x95, 0x95, },
    /*0x22*/{0x09, 0x89, 0x89, 0x89, 0x89, 0x89, 0x89, 0x89, 0x89, 0x00, 0x00, 0x00, 0x89, 0x89, 0x89, 0x89, 0x89, 0x89, 0x89, 0x89, 0x89, 0x89, 0x89, 0x00, 0x00, 0x49, 0x00, 0x0a, 0x00, 0x00, 0x89, 0x89, 0x89, 0x89, 0x89, 0x89, },
    /*0x23*/{0x02, 0x82, 0x82, 0x82, 0x82, 0x82, 0x82, 0x82, 0x82, 0x00, 0x00, 0x00, 0x43, 0x82, 0x82, 0x82, 0x82, 0x82, 0x82, 0x82, 0x82, 0x82, 0x82, 0x00, 0x00, 0x00, 0x00, 0x82, 0x82, 0x82, 0x82, 0x82, 0x82, 0x82, 0x82, 0x82, },
    /*0x24*/{0x0a, 0x8a, 0x8a, 0x8a, 0x8a, 0x8a, 0x8a, 0x8a, 0x8a, 0x00, 0x00, 0x00, 0x8a, 0x8a, 0x8a, 0x8a, 0x8a, 0x8a, 0x8a, 0x8a, 0x8a, 0x8a, 0x8a, 0x00, 0x00, 0x00, 0x00, 0x0a, 0x0a, 0x0a, 0x06, 0x06, 0x06, 0x07, 0x07, 0x0a, },
    /*0x25*/{0x1d, 0x9d, 0x9d, 0x9d, 0x9d, 0x9d, 0x9d, 0x9d, 0x9d, 0x00, 0x00, 0x00, 0x9d, 0x9d, 0x9d, 0x9d, 0x9d, 0x9d, 0x9d, 0x9d, 0x9d, 0x9d, 0x9d, 0x00, 0x00, 0x00, 0x00, 0x9d, 0x9d, 0x9d, 0x9d, 0x9d, 0x9d, 0x9d, 0x9d, 0x9d, },
    /*0x26*/{0x18, 0x98, 0x98, 0x98, 0x98, 0x98, 0x98, 0x98, 0x98, 0x00, 0x00, 0x00, 0x98, 0x98, 0x98, 0x98, 0x98, 0x98, 0x98, 0x98, 0x98, 0x74, 0x98, 0x00, 0x00, 0x00, 0x00, 0x98, 0x98, 0x98, 0x98, 0x98, 0x98, 0x98, 0x98, 0x98, },
    /*0x27*/{0x08, 0x88, 0x88, 0x88, 0x88, 0x88, 0x88, 0x88, 0x88, 0x00, 0x00, 0x00, 0x88, 0x88, 0x88, 0x88, 0x88, 0x88, 0x88, 0x88, 0x88, 0x88, 0x88, 0x48, 0x00, 0x00, 0x00, 0x0a, 0x00, 0x00, 0x06, 0x06, 0x06, 0x07, 0x07, 0x88, },
    /*0x28*/{0x4b, 0xcb, 0xcb, 0xcb, 0xcb, 0xcb, 0xcb, 0xcb, 0xcb, 0x00, 0x00, 0x00, 0xcb, 0xcb, 0xcb, 0xcb, 0xcb, 0xcb, 0xcb, 0xcb, 0xcb, 0xcb, 0xcb, 0x00, 0x00, 0x00, 0x00, 0xcb, 0xcb, 0xcb, 0xcb, 0xcb, 0xcb, 0xcb, 0xcb, 0xcb, },
    /*0x29*/{0x4c, 0xcc, 0xcc, 0xcc, 0xcc, 0xcc, 0xcc, 0xcc, 0xcc, 0x00, 0x00, 0x00, 0xcc, 0xcc, 0xcc, 0xcc, 0xcc, 0xcc, 0xcc, 0xcc, 0xcc, 0xcc, 0xcc, 0x00, 0x00, 0x00, 0x00, 0xcc, 0xcc, 0xcc, 0xcc, 0xcc, 0xcc, 0xcc, 0xcc, 0xcc, },
    /*0x2a*/{0x1b, 0x9b, 0x9b, 0x9b, 0x9b, 0x9b, 0x9b, 0x9b, 0x1c, 0x00, 0x00, 0x00, 0x9b, 0x9b, 0x9b, 0x9b, 0x9b, 0x9b, 0x9b, 0x9b, 0x9b, 0x9b, 0x9b, 0x00, 0x00, 0x00, 0x00, 0x9b, 0x9b, 0x9b, 0x9b, 0x9b, 0x9b, 0x9b, 0x9b, 0x9b, },
    /*0x2b*/{0x16, 0x96, 0x96, 0x96, 0x96, 0x96, 0x96, 0x96, 0x96, 0x00, 0x00, 0x00, 0x96, 0x96, 0x96, 0x96, 0x96, 0x96, 0x96, 0x5e, 0x96, 0x96, 0x96, 0x00, 0x00, 0x00, 0x00, 0x96, 0x96, 0x96, 0x96, 0x96, 0x96, 0x96, 0x07, 0x96, },
    /*0x2c*/{0x77, 0xf7, 0xf7, 0xf7, 0xf7, 0xf7, 0xf7, 0xf7, 0xf7, 0x00, 0x00, 0x00, 0xf7, 0xf7, 0xf7, 0xf7, 0xf7, 0xf7, 0xf7, 0xf7, 0xf7, 0xf7, 0xf7, 0x00, 0x00, 0x00, 0x00, 0xf7, 0xf7, 0xf7, 0xf7, 0xf7, 0xf7, 0xf7, 0xf7, 0xf7, },
    /*0x2d*/{0x17, 0x97, 0x97, 0x97, 0x97, 0x97, 0x97, 0x97, 0x97, 0x00, 0x00, 0x00, 0x97, 0x97, 0x97, 0x97, 0x97, 0x97, 0x97, 0x97, 0x5f, 0x97, 0x97, 0x00, 0x00, 0x00, 0x00, 0x97, 0x97, 0x97, 0x97, 0x97, 0x97, 0x97, 0x07, 0x97, },
    /*0x2e*/{0x13, 0x93, 0x93, 0x93, 0x93, 0x93, 0x93, 0x93, 0x93, 0x00, 0x00, 0x00, 0x93, 0x00, 0x78, 0x93, 0x93, 0x93, 0x93, 0x93, 0x93, 0x93, 0x93, 0x00, 0x00, 0x00, 0x00, 0x93, 0x93, 0x93, 0x07, 0x07, 0x07, 0x07, 0x07, 0x93, },
    /*0x2f*/{0x1c, 0x9c, 0x9c, 0x9c, 0x9c, 0x9c, 0x9c, 0x9c, 0x1c, 0x00, 0x00, 0x45, 0x9c, 0x9c, 0x9c, 0x9c, 0x9c, 0x9c, 0x9c, 0x9c, 0x9c, 0x9c, 0x9c, 0x00, 0x00, 0x00, 0x00, 0x9c, 0x9c, 0x9c, 0x9c, 0x9c, 0x9c, 0x9c, 0x9c, 0x9c, },
    /*0x30*/{0x06, 0x86, 0x86, 0x86, 0x86, 0x86, 0x86, 0x86, 0x86, 0x00, 0x00, 0x00, 0x86, 0x07, 0x86, 0x86, 0x86, 0x86, 0x86, 0x86, 0x86, 0x86, 0x86, 0x00, 0x00, 0x00, 0x00, 0x0a, 0x0a, 0x0a, 0x06, 0x06, 0x06, 0x07, 0x07, 0x0a, },
    /*0x31*/{0x06, 0x86, 0x86, 0x86, 0x86, 0x86, 0x86, 0x86, 0x86, 0x00, 0x00, 0x00, 0x86, 0x07, 0x86, 0x86, 0x86, 0x86, 0x86, 0x86, 0x86, 0x86, 0x86, 0x00, 0x00, 0x00, 0x00, 0x0a, 0x0a, 0x0a, 0x06, 0x06, 0x06, 0x07, 0x07, 0x0a, },
    /*0x32*/{0x06, 0x86, 0x86, 0x86, 0x86, 0x86, 0x86, 0x86, 0x86, 0x00, 0x00, 0x00, 0x86, 0x07, 0x86, 0x86, 0x86, 0x86, 0x86, 0x86, 0x86, 0x86, 0x86, 0x00, 0x00, 0x00, 0x00, 0x0a, 0x0a, 0x0a, 0x06, 0x06, 0x06, 0x07, 0x07, 0x0a, },
    /*0x33*/{0x06, 0x86, 0x86, 0x86, 0x86, 0x86, 0x86, 0x86, 0x86, 0x00, 0x00, 0x00, 0x86, 0x07, 0x86, 0x86, 0x86, 0x86, 0x86, 0x86, 0x86, 0x86, 0x86, 0x00, 0x00, 0x00, 0x00, 0x0a, 0x0a, 0x0a, 0x06, 0x06, 0x06, 0x07, 0x07, 0x0a, },
    /*0x34*/{0x06, 0x86, 0x86, 0x86, 0x86, 0x86, 0x86, 0x86, 0x86, 0x00, 0x00, 0x00, 0x86, 0x07, 0x86, 0x86, 0x86, 0x86, 0x86, 0x86, 0x86, 0x86, 0x86, 0x00, 0x00, 0x00, 0x00, 0x0a, 0x0a, 0x0a, 0x06, 0x06, 0x06, 0x07, 0x07, 0x0a, },
    /*0x35*/{0x06, 0x86, 0x86, 0x86, 0x86, 0x86, 0x86, 0x86, 0x86, 0x00, 0x00, 0x00, 0x86, 0x07, 0x86, 0x86, 0x86, 0x86, 0x86, 0x86, 0x86, 0x86, 0x86, 0x00, 0x00, 0x00, 0x00, 0x0a, 0x0a, 0x0a, 0x06, 0x06, 0x06, 0x07, 0x07, 0x0a, },
    /*0x36*/{0x06, 0x86, 0x86, 0x86, 0x86, 0x86, 0x86, 0x86, 0x86, 0x00, 0x00, 0x00, 0x86, 0x07, 0x86, 0x86, 0x86, 0x86, 0x86, 0x86, 0x86, 0x86, 0x86, 0x00, 0x00, 0x00, 0x00, 0x0a, 0x0a, 0x0a, 0x06, 0x06, 0x06, 0x07, 0x07, 0x0a, },
    /*0x37*/{0x06, 0x86, 0x86, 0x86, 0x86, 0x86, 0x86, 0x86, 0x86, 0x00, 0x00, 0x00, 0x86, 0x07, 0x86, 0x86, 0x86, 0x86, 0x86, 0x86, 0x86, 0x86, 0x86, 0x00, 0x00, 0x00, 0x00, 0x0a, 0x0a, 0x0a, 0x06, 0x06, 0x06, 0x07, 0x07, 0x0a, },
    /*0x38*/{0x06, 0x86, 0x86, 0x86, 0x86, 0x86, 0x86, 0x86, 0x86, 0x00, 0x00, 0x00, 0x86, 0x07, 0x86, 0x86, 0x86, 0x86, 0x86, 0x86, 0x86, 0x86, 0x86, 0x00, 0x00, 0x00, 0x00, 0x0a, 0x0a, 0x0a, 0x06, 0x06, 0x06, 0x07, 0x07, 0x0a, },
    /*0x39*/{0x06, 0x86, 0x86, 0x86, 0x86, 0x86, 0x86, 0x86, 0x86, 0x00, 0x00, 0x00, 0x86, 0x07, 0x86, 0x86, 0x86, 0x86, 0x86, 0x86, 0x86, 0x86, 0x86, 0x00, 0x00, 0x00, 0x00, 0x0a, 0x0a, 0x0a, 0x06, 0x06, 0x06, 0x07, 0x07, 0x0a, },
    /*0x3a*/{0x52, 0xd2, 0xd2, 0xd2, 0xd2, 0xd2, 0xd2, 0xd2, 0xd2, 0x00, 0x00, 0x00, 0xd2, 0xd2, 0xd2, 0xd2, 0xd2, 0xd2, 0xd2, 0xd2, 0xd2, 0xd2, 0xd2, 0x00, 0x00, 0x00, 0x00, 0xd2, 0xd2, 0xd2, 0xd2, 0xd2, 0xd2, 0xd2, 0xd2, 0xd2, },
    /*0x3b*/{0x51, 0xd1, 0xd1, 0xd1, 0xd1, 0xd1, 0xd1, 0xd1, 0xd1, 0x00, 0x00, 0x00, 0xd1, 0xd1, 0xd1, 0xd1, 0xd1, 0xd1, 0xd1, 0xd1, 0xd1, 0xd1, 0xd1, 0x00, 0x00, 0x00, 0x00, 0xd1, 0xd1, 0xd1, 0xd1, 0xd1, 0xd1, 0xd1, 0xd1, 0xd1, },
    /*0x3c*/{0x28, 0xa8, 0xa8, 0xa8, 0xa8, 0xa8, 0xa8, 0xa8, 0xa8, 0x00, 0x00, 0x00, 0xa8, 0xa8, 0xa8, 0xa8, 0xa8, 0x22, 0xa8, 0xa8, 0xa8, 0xa8, 0xa8, 0x00, 0x00, 0x00, 0x00, 0xa8, 0xa8, 0xa8, 0xa8, 0xa8, 0xa8, 0xa8, 0xa8, 0xa8, },
    /*0x3d*/{0x29, 0xa9, 0xa9, 0x63, 0x64, 0x6c, 0x71, 0x73, 0x72, 0x00, 0x00, 0x00, 0xa9, 0xa9, 0xa9, 0x65, 0x70, 0x66, 0x6f, 0x6d, 0x6e, 0x6a, 0x6b, 0x00, 0x00, 0x00, 0x00, 0xa9, 0xa9, 0xa9, 0xa9, 0xa9, 0xa9, 0xa9, 0xa9, 0xa9, },
    /*0x3e*/{0x27, 0xa7, 0xa7, 0xa7, 0xa7, 0xa7, 0xa7, 0xa7, 0xa7, 0x00, 0x00, 0x00, 0xa7, 0xa7, 0xa7, 0x21, 0xa7, 0xa7, 0xa7, 0xa7, 0x60, 0xa7, 0xa7, 0x00, 0x00, 0x00, 0x00, 0xa7, 0xa7, 0xa7, 0xa7, 0xa7, 0xa7, 0xa7, 0xa7, 0xa7, },
    /*0x3f*/{0x76, 0xf6, 0xf6, 0xf6, 0xf6, 0xf6, 0xf6, 0xf6, 0xf6, 0x00, 0x00, 0x00, 0xf6, 0xf6, 0xf6, 0xf6, 0xf6, 0xf6, 0xf6, 0xf6, 0xf6, 0xf6, 0xf6, 0x00, 0x00, 0x00, 0x00, 0xf6, 0xf6, 0xf6, 0xf6, 0xf6, 0xf6, 0xf6, 0xf6, 0xf6, },
    /*0x40*/{0x41, 0xc1, 0xc1, 0xc1, 0xc1, 0xc1, 0xc1, 0xc1, 0xc1, 0x00, 0x00, 0x00, 0xc1, 0xc1, 0xc1, 0xc1, 0xc1, 0xc1, 0xc1, 0xc1, 0xc1, 0xc1, 0xc1, 0x00, 0x00, 0x00, 0x00, 0xc1, 0xc1, 0xc1, 0xc1, 0xc1, 0xc1, 0xc1, 0xc1, 0xc1, },
    /*0x41*/{0x0a, 0x8a, 0x8a, 0x8a, 0x8a, 0x8a, 0x8a, 0x8a, 0x8a, 0x00, 0x00, 0x00, 0x8a, 0x8a, 0x8a, 0x8a, 0x8a, 0x8a, 0x8a, 0x8a, 0x8a, 0x8a, 0x8a, 0x00, 0x00, 0x00, 0x00, 0x0a, 0x0a, 0x0a, 0x06, 0x06, 0x06, 0x07, 0x07, 0x0a, },
    /*0x42*/{0x0a, 0x8a, 0x8a, 0x8a, 0x8a, 0x8a, 0x8a, 0x8a, 0x8a, 0x00, 0x00, 0x00, 0x8a, 0x8a, 0x8a, 0x8a, 0x8a, 0x8a, 0x8a, 0x8a, 0x8a, 0x8a, 0x8a, 0x00, 0x00, 0x00, 0x00, 0x0a, 0x0a, 0x0a, 0x06, 0x06, 0x06, 0x07, 0x07, 0x0a, },
    /*0x43*/{0x0a, 0x8a, 0x8a, 0x8a, 0x8a, 0x8a, 0x8a, 0x8a, 0x8a, 0x00, 0x00, 0x00, 0x8a, 0x8a, 0x8a, 0x8a, 0x8a, 0x8a, 0x8a, 0x8a, 0x8a, 0x8a, 0x8a, 0x00, 0x00, 0x00, 0x00, 0x0a, 0x0a, 0x0a, 0x06, 0x06, 0x06, 0x07, 0x07, 0x0a, },
    /*0x44*/{0x0a, 0x8a, 0x8a, 0x8a, 0x8a, 0x8a, 0x8a, 0x8a, 0x8a, 0x00, 0x00, 0x00, 0x8a, 0x8a, 0x8a, 0x8a, 0x8a, 0x8a, 0x8a, 0x8a, 0x8a, 0x8a, 0x8a, 0x00, 0x00, 0x00, 0x00, 0x0a, 0x0a, 0x0a, 0x06, 0x06, 0x06, 0x07, 0x07, 0x0a, },
    /*0x45*/{0x0a, 0x8a, 0x8a, 0x8a, 0x8a, 0x8a, 0x8a, 0x8a, 0x8a, 0x00, 0x00, 0x00, 0x8a, 0x8a, 0x8a, 0x8a, 0x8a, 0x8a, 0x8a, 0x8a, 0x8a, 0x8a, 0x8a, 0x00, 0x00, 0x00, 0x00, 0x0a, 0x0a, 0x0a, 0x07, 0x07, 0x06, 0x07, 0x07, 0x0a, },
    /*0x46*/{0x0a, 0x8a, 0x8a, 0x8a, 0x8a, 0x8a, 0x8a, 0x8a, 0x8a, 0x00, 0x00, 0x00, 0x8a, 0x8a, 0x8a, 0x8a, 0x8a, 0x8a, 0x8a, 0x8a, 0x8a, 0x8a, 0x8a, 0x00, 0x00, 0x00, 0x00, 0x0a, 0x0a, 0x0a, 0x06, 0x06, 0x06, 0x07, 0x07, 0x0a, },
    /*0x47*/{0x0a, 0x8a, 0x8a, 0x8a, 0x8a, 0x8a, 0x8a, 0x8a, 0x8a, 0x00, 0x00, 0x00, 0x8a, 0x8a, 0x8a, 0x8a, 0x8a, 0x8a, 0x8a, 0x8a, 0x8a, 0x8a, 0x8a, 0x00, 0x00, 0x00, 0x00, 0x0a, 0x0a, 0x0a, 0x06, 0x06, 0x06, 0x07, 0x07, 0x0a, },
    /*0x48*/{0x0a, 0x8a, 0x8a, 0x8a, 0x8a, 0x8a, 0x8a, 0x8a, 0x8a, 0x00, 0x00, 0x00, 0x8a, 0x8a, 0x8a, 0x8a, 0x8a, 0x8a, 0x8a, 0x8a, 0x8a, 0x8a, 0x8a, 0x00, 0x00, 0x00, 0x00, 0x0a, 0x0a, 0x0a, 0x06, 0x06, 0x06, 0x07, 0x07, 0x0a, },
    /*0x49*/{0x0a, 0x8a, 0x8a, 0x8a, 0x8a, 0x8a, 0x8a, 0x8a, 0x8a, 0x00, 0x00, 0x00, 0x8a, 0x8a, 0x8a, 0x8a, 0x8a, 0x8a, 0x8a, 0x8a, 0x8a, 0x8a, 0x8a, 0x00, 0x00, 0x00, 0x00, 0x0a, 0x0a, 0x0a, 0x06, 0x06, 0x06, 0x07, 0x07, 0x0a, },
    /*0x4a*/{0x0a, 0x8a, 0x8a, 0x8a, 0x8a, 0x8a, 0x8a, 0x8a, 0x8a, 0x00, 0x00, 0x00, 0x8a, 0x8a, 0x8a, 0x8a, 0x8a, 0x8a, 0x8a, 0x8a, 0x8a, 0x8a, 0x8a, 0x00, 0x00, 0x00, 0x00, 0x0a, 0x0a, 0x0a, 0x06, 0x06, 0x06, 0x07, 0x07, 0x0a, },
    /*0x4b*/{0x0a, 0x8a, 0x8a, 0x8a, 0x8a, 0x8a, 0x8a, 0x8a, 0x8a, 0x00, 0x00, 0x00, 0x8a, 0x8a, 0x8a, 0x8a, 0x8a, 0x8a, 0x8a, 0x8a, 0x8a, 0x8a, 0x8a, 0x00, 0x00, 0x00, 0x00, 0x0a, 0x0a, 0x0a, 0x06, 0x06, 0x06, 0x07, 0x07, 0x0a, },
    /*0x4c*/{0x0a, 0x8a, 0x8a, 0x8a, 0x8a, 0x8a, 0x8a, 0x8a, 0x8a, 0x00, 0x00, 0x00, 0x8a, 0x8a, 0x8a, 0x8a, 0x8a, 0x8a, 0x8a, 0x8a, 0x8a, 0x8a, 0x8a, 0x00, 0x00, 0x00, 0x00, 0x0a, 0x0a, 0x0a, 0x06, 0x06, 0x06, 0x07, 0x07, 0x0a, },
    /*0x4d*/{0x0a, 0x8a, 0x8a, 0x8a, 0x8a, 0x8a, 0x8a, 0x8a, 0x8a, 0x00, 0x00, 0x00, 0x8a, 0x8a, 0x8a, 0x8a, 0x8a, 0x8a, 0x8a, 0x8a, 0x8a, 0x8a, 0x8a, 0x00, 0x00, 0x00, 0x00, 0x0a, 0x0a, 0x0a, 0x06, 0x06, 0x06, 0x07, 0x07, 0x0a, },
    /*0x4e*/{0x0a, 0x8a, 0x8a, 0x8a, 0x8a, 0x8a, 0x8a, 0x8a, 0x8a, 0x00, 0x00, 0x00, 0x8a, 0x8a, 0x8a, 0x8a, 0x8a, 0x8a, 0x8a, 0x8a, 0x8a, 0x8a, 0x8a, 0x00, 0x00, 0x00, 0x00, 0x0a, 0x0a, 0x0a, 0x06, 0x06, 0x06, 0x07, 0x07, 0x0a, },
    /*0x4f*/{0x0a, 0x8a, 0x8a, 0x8a, 0x8a, 0x8a, 0x8a, 0x8a, 0x8a, 0x00, 0x00, 0x00, 0x8a, 0x8a, 0x8a, 0x8a, 0x8a, 0x8a, 0x8a, 0x8a, 0x8a, 0x8a, 0x8a, 0x00, 0x00, 0x00, 0x00, 0x0a, 0x0a, 0x0a, 0x06, 0x06, 0x06, 0x07, 0x07, 0x0a, },
    /*0x50*/{0x0a, 0x8a, 0x8a, 0x8a, 0x8a, 0x8a, 0x8a, 0x8a, 0x8a, 0x00, 0x00, 0x00, 0x8a, 0x8a, 0x8a, 0x8a, 0x8a, 0x8a, 0x8a, 0x8a, 0x8a, 0x8a, 0x8a, 0x00, 0x00, 0x00, 0x00, 0x0a, 0x0a, 0x0a, 0x06, 0x06, 0x07, 0x07, 0x07, 0x0a, },
    /*0x51*/{0x0a, 0x8a, 0x8a, 0x8a, 0x8a, 0x8a, 0x8a, 0x8a, 0x8a, 0x00, 0x00, 0x00, 0x8a, 0x8a, 0x8a, 0x8a, 0x8a, 0x8a, 0x8a, 0x8a, 0x8a, 0x8a, 0x8a, 0x00, 0x00, 0x00, 0x00, 0x0a, 0x0a, 0x0a, 0x06, 0x06, 0x06, 0x07, 0x07, 0x0a, },
    /*0x52*/{0x0a, 0x8a, 0x8a, 0x8a, 0x8a, 0x8a, 0x8a, 0x8a, 0x8a, 0x00, 0x00, 0x00, 0x8a, 0x8a, 0x8a, 0x8a, 0x8a, 0x8a, 0x8a, 0x8a, 0x8a, 0x8a, 0x8a, 0x00, 0x00, 0x00, 0x00, 0x0a, 0x0a, 0x0a, 0x06, 0x06, 0x06, 0x07, 0x07, 0x0a, },
    /*0x53*/{0x0a, 0x8a, 0x8a, 0x8a, 0x8a, 0x8a, 0x8a, 0x8a, 0x8a, 0x00, 0x00, 0x00, 0x8a, 0x8a, 0x8a, 0x8a, 0x8a, 0x8a, 0x8a, 0x8a, 0x8a, 0x8a, 0x8a, 0x00, 0x00, 0x00, 0x00, 0x0a, 0x0a, 0x0a, 0x06, 0x06, 0x06, 0x07, 0x07, 0x0a, },
    /*0x54*/{0x0a, 0x8a, 0x8a, 0x8a, 0x8a, 0x8a, 0x8a, 0x8a, 0x8a, 0x00, 0x00, 0x00, 0x8a, 0x8a, 0x8a, 0x8a, 0x8a, 0x8a, 0x8a, 0x8a, 0x8a, 0x8a, 0x8a, 0x00, 0x00, 0x00, 0x00, 0x0a, 0x0a, 0x0a, 0x06, 0x06, 0x06, 0x07, 0x07, 0x0a, },
    /*0x55*/{0x0a, 0x8a, 0x8a, 0x8a, 0x8a, 0x8a, 0x8a, 0x8a, 0x8a, 0x00, 0x00, 0x00, 0x8a, 0x8a, 0x8a, 0x8a, 0x8a, 0x8a, 0x8a, 0x8a, 0x8a, 0x8a, 0x8a, 0x00, 0x00, 0x00, 0x00, 0x0a, 0x0a, 0x0a, 0x06, 0x06, 0x06, 0x07, 0x07, 0x0a, },
    /*0x56*/{0x0a, 0x8a, 0x8a, 0x8a, 0x8a, 0x8a, 0x8a, 0x8a, 0x8a, 0x00, 0x00, 0x00, 0x8a, 0x8a, 0x8a, 0x8a, 0x8a, 0x8a, 0x8a, 0x8a, 0x8a, 0x8a, 0x8a, 0x00, 0x00, 0x00, 0x00, 0x0a, 0x0a, 0x0a, 0x06, 0x06, 0x06, 0x07, 0x07, 0x0a, },
    /*0x57*/{0x0a, 0x8a, 0x8a, 0x8a, 0x8a, 0x8a, 0x8a, 0x8a, 0x8a, 0x00, 0x00, 0x00, 0x8a, 0x8a, 0x8a, 0x8a, 0x8a, 0x8a, 0x8a, 0x8a, 0x8a, 0x8a, 0x8a, 0x00, 0x00, 0x00, 0x00, 0x0a, 0x0a, 0x0a, 0x06, 0x06, 0x06, 0x07, 0x07, 0x0a, },
    /*0x58*/{0x0a, 0x8a, 0x8a, 0x8a, 0x8a, 0x8a, 0x8a, 0x8a, 0x8a, 0x00, 0x00, 0x00, 0x8a, 0x8a, 0x8a, 0x8a, 0x8a, 0x8a, 0x8a, 0x8a, 0x8a, 0x8a, 0x8a, 0x00, 0x00, 0x00, 0x00, 0x0a, 0x0a, 0x0a, 0x06, 0x06, 0x06, 0x07, 0x07, 0x0a, },
    /*0x59*/{0x0a, 0x8a, 0x8a, 0x8a, 0x8a, 0x8a, 0x8a, 0x8a, 0x8a, 0x00, 0x00, 0x00, 0x8a, 0x8a, 0x8a, 0x8a, 0x8a, 0x8a, 0x8a, 0x8a, 0x8a, 0x8a, 0x8a, 0x00, 0x00, 0x00, 0x00, 0x0a, 0x0a, 0x0a, 0x06, 0x06, 0x06, 0x07, 0x07, 0x0a, },
    /*0x5a*/{0x0a, 0x8a, 0x8a, 0x8a, 0x8a, 0x8a, 0x8a, 0x8a, 0x8a, 0x00, 0x00, 0x00, 0x8a, 0x8a, 0x8a, 0x8a, 0x8a, 0x8a, 0x8a, 0x8a, 0x8a, 0x8a, 0x8a, 0x00, 0x00, 0x00, 0x00, 0x0a, 0x0a, 0x0a, 0x06, 0x06, 0x06, 0x07, 0x07, 0x0a, },
    /*0x5b*/{0x4d, 0xcd, 0xcd, 0xcd, 0xcd, 0xcd, 0xcd, 0xcd, 0xcd, 0x00, 0x00, 0x00, 0xcd, 0xcd, 0xcd, 0xcd, 0xcd, 0xcd, 0xcd, 0xcd, 0xcd, 0xcd, 0xcd, 0x00, 0x00, 0x00, 0x00, 0xcd, 0xcd, 0xcd, 0xcd, 0xcd, 0xcd, 0xcd, 0xcd, 0xcd, },
    /*0x5c*/{0x05, 0x05, 0x85, 0x85, 0x85, 0x85, 0x85, 0x85, 0x85, 0x00, 0x00, 0x00, 0x85, 0x85, 0x85, 0x85, 0x85, 0x85, 0x85, 0x85, 0x85, 0x85, 0x85, 0x00, 0x00, 0x00, 0x00, 0x85, 0x85, 0x85, 0x85, 0x85, 0x85, 0x85, 0x85, 0x85, },
    /*0x5d*/{0x4e, 0xce, 0xce, 0xce, 0xce, 0xce, 0xce, 0xce, 0xce, 0x00, 0x00, 0x00, 0xce, 0xce, 0xce, 0xce, 0xce, 0xce, 0xce, 0xce, 0xce, 0xce, 0xce, 0x00, 0x00, 0x00, 0x00, 0xce, 0xce, 0xce, 0xce, 0xce, 0xce, 0xce, 0xce, 0xce, },
    /*0x5e*/{0x1a, 0x9a, 0x9a, 0x9a, 0x9a, 0x9a, 0x9a, 0x9a, 0x9a, 0x00, 0x00, 0x00, 0x9a, 0x9a, 0x9a, 0x9a, 0x9a, 0x9a, 0x9a, 0x9a, 0x9a, 0x9a, 0x9a, 0x00, 0x00, 0x00, 0x00, 0x9a, 0x9a, 0x9a, 0x9a, 0x9a, 0x9a, 0x9a, 0x9a, 0x9a, },
    /*0x5f*/{0x0a, 0x8a, 0x8a, 0x8a, 0x8a, 0x8a, 0x8a, 0x8a, 0x8a, 0x00, 0x00, 0x00, 0x8a, 0x8a, 0x8a, 0x8a, 0x8a, 0x8a, 0x8a, 0x8a, 0x8a, 0x8a, 0x8a, 0x00, 0x00, 0x00, 0x00, 0x0a, 0x0a, 0x0a, 0x06, 0x06, 0x06, 0x07, 0x07, 0x0a, },
    /*0x60*/{0x41, 0xc1, 0xc1, 0xc1, 0xc1, 0xc1, 0xc1, 0xc1, 0xc1, 0x00, 0x00, 0x00, 0xc1, 0xc1, 0xc1, 0xc1, 0xc1, 0xc1, 0xc1, 0xc1, 0xc1, 0xc1, 0xc1, 0x00, 0x00, 0x00, 0x00, 0xc1, 0xc1, 0xc1, 0xc1, 0xc1, 0xc1, 0xc1, 0xc1, 0xc1, },
    /*0x61*/{0x0a, 0x8a, 0x8a, 0x8a, 0x8a, 0x8a, 0x8a, 0x8a, 0x8a, 0x00, 0x00, 0x00, 0x8a, 0x8a, 0x8a, 0x8a, 0x8a, 0x8a, 0x8a, 0x8a, 0x8a, 0x8a, 0x8a, 0x00, 0x00, 0x00, 0x00, 0x0a, 0x0a, 0x0a, 0x06, 0x06, 0x06, 0x07, 0x07, 0x0a, },
    /*0x62*/{0x0a, 0x8a, 0x8a, 0x8a, 0x8a, 0x8a, 0x8a, 0x8a, 0x8a, 0x00, 0x00, 0x00, 0x8a, 0x8a, 0x8a, 0x8a, 0x8a, 0x8a, 0x8a, 0x8a, 0x8a, 0x8a, 0x8a, 0x00, 0x00, 0x00, 0x00, 0x0a, 0x0a, 0x0a, 0x06, 0x06, 0x06, 0x07, 0x07, 0x0a, },
    /*0x63*/{0x0a, 0x8a, 0x8a, 0x8a, 0x8a, 0x8a, 0x8a, 0x8a, 0x8a, 0x00, 0x00, 0x00, 0x8a, 0x8a, 0x8a, 0x8a, 0x8a, 0x8a, 0x8a, 0x8a, 0x8a, 0x8a, 0x8a, 0x00, 0x00, 0x00, 0x00, 0x0a, 0x0a, 0x0a, 0x06, 0x06, 0x06, 0x07, 0x07, 0x0a, },
    /*0x64*/{0x0a, 0x8a, 0x8a, 0x8a, 0x8a, 0x8a, 0x8a, 0x8a, 0x8a, 0x00, 0x00, 0x00, 0x8a, 0x8a, 0x8a, 0x8a, 0x8a, 0x8a, 0x8a, 0x8a, 0x8a, 0x8a, 0x8a, 0x00, 0x00, 0x00, 0x00, 0x0a, 0x0a, 0x0a, 0x06, 0x06, 0x06, 0x07, 0x07, 0x0a, },
    /*0x65*/{0x0a, 0x8a, 0x8a, 0x8a, 0x8a, 0x8a, 0x8a, 0x8a, 0x8a, 0x00, 0x00, 0x00, 0x8a, 0x8a, 0x8a, 0x8a, 0x8a, 0x8a, 0x8a, 0x8a, 0x8a, 0x8a, 0x8a, 0x00, 0x00, 0x00, 0x00, 0x0a, 0x0a, 0x0a, 0x07, 0x07, 0x06, 0x07, 0x07, 0x0a, },
    /*0x66*/{0x0a, 0x8a, 0x8a, 0x8a, 0x8a, 0x8a, 0x8a, 0x8a, 0x8a, 0x00, 0x00, 0x00, 0x8a, 0x8a, 0x8a, 0x8a, 0x8a, 0x8a, 0x8a, 0x8a, 0x8a, 0x8a, 0x8a, 0x00, 0x00, 0x00, 0x00, 0x0a, 0x0a, 0x0a, 0x06, 0x06, 0x06, 0x07, 0x07, 0x0a, },
    /*0x67*/{0x0a, 0x8a, 0x8a, 0x8a, 0x8a, 0x8a, 0x8a, 0x8a, 0x8a, 0x00, 0x00, 0x00, 0x8a, 0x8a, 0x8a, 0x8a, 0x8a, 0x8a, 0x8a, 0x8a, 0x8a, 0x8a, 0x8a, 0x00, 0x00, 0x00, 0x00, 0x0a, 0x0a, 0x0a, 0x06, 0x06, 0x06, 0x07, 0x07, 0x0a, },
    /*0x68*/{0x0a, 0x8a, 0x8a, 0x8a, 0x8a, 0x8a, 0x8a, 0x8a, 0x8a, 0x00, 0x00, 0x00, 0x8a, 0x8a, 0x8a, 0x8a, 0x8a, 0x8a, 0x8a, 0x8a, 0x8a, 0x8a, 0x8a, 0x00, 0x00, 0x00, 0x00, 0x0a, 0x0a, 0x0a, 0x06, 0x06, 0x06, 0x07, 0x07, 0x0a, },
    /*0x69*/{0x0a, 0x8a, 0x8a, 0x8a, 0x8a, 0x8a, 0x8a, 0x8a, 0x8a, 0x00, 0x00, 0x00, 0x8a, 0x8a, 0x8a, 0x8a, 0x8a, 0x8a, 0x8a, 0x8a, 0x8a, 0x8a, 0x8a, 0x00, 0x00, 0x00, 0x00, 0x0a, 0x0a, 0x0a, 0x06, 0x06, 0x06, 0x07, 0x07, 0x0a, },
    /*0x6a*/{0x0a, 0x8a, 0x8a, 0x8a, 0x8a, 0x8a, 0x8a, 0x8a, 0x8a, 0x00, 0x00, 0x00, 0x8a, 0x8a, 0x8a, 0x8a, 0x8a, 0x8a, 0x8a, 0x8a, 0x8a, 0x8a, 0x8a, 0x00, 0x00, 0x00, 0x00, 0x0a, 0x0a, 0x0a, 0x06, 0x06, 0x06, 0x07, 0x07, 0x0a, },
    /*0x6b*/{0x0a, 0x8a, 0x8a, 0x8a, 0x8a, 0x8a, 0x8a, 0x8a, 0x8a, 0x00, 0x00, 0x00, 0x8a, 0x8a, 0x8a, 0x8a, 0x8a, 0x8a, 0x8a, 0x8a, 0x8a, 0x8a, 0x8a, 0x00, 0x00, 0x00, 0x00, 0x0a, 0x0a, 0x0a, 0x06, 0x06, 0x06, 0x07, 0x07, 0x0a, },
    /*0x6c*/{0x0a, 0x8a, 0x8a, 0x8a, 0x8a, 0x8a, 0x8a, 0x8a, 0x8a, 0x00, 0x00, 0x00, 0x8a, 0x8a, 0x8a, 0x8a, 0x8a, 0x8a, 0x8a, 0x8a, 0x8a, 0x8a, 0x8a, 0x00, 0x00, 0x00, 0x00, 0x0a, 0x0a, 0x0a, 0x06, 0x06, 0x06, 0x07, 0x07, 0x0a, },
    /*0x6d*/{0x0a, 0x8a, 0x8a, 0x8a, 0x8a, 0x8a, 0x8a, 0x8a, 0x8a, 0x00, 0x00, 0x00, 0x8a, 0x8a, 0x8a, 0x8a, 0x8a, 0x8a, 0x8a, 0x8a, 0x8a, 0x8a, 0x8a, 0x00, 0x00, 0x00, 0x00, 0x0a, 0x0a, 0x0a, 0x06, 0x06, 0x06, 0x07, 0x07, 0x0a, },
    /*0x6e*/{0x0a, 0x8a, 0x8a, 0x8a, 0x8a, 0x8a, 0x8a, 0x8a, 0x8a, 0x00, 0x00, 0x00, 0x8a, 0x8a, 0x8a, 0x8a, 0x8a, 0x8a, 0x8a, 0x8a, 0x8a, 0x8a, 0x8a, 0x00, 0x00, 0x00, 0x00, 0x0a, 0x0a, 0x0a, 0x06, 0x06, 0x06, 0x07, 0x07, 0x0a, },
    /*0x6f*/{0x0a, 0x8a, 0x8a, 0x8a, 0x8a, 0x8a, 0x8a, 0x8a, 0x8a, 0x00, 0x00, 0x00, 0x8a, 0x8a, 0x8a, 0x8a, 0x8a, 0x8a, 0x8a, 0x8a, 0x8a, 0x8a, 0x8a, 0x00, 0x00, 0x00, 0x00, 0x0a, 0x0a, 0x0a, 0x06, 0x06, 0x06, 0x07, 0x07, 0x0a, },
    /*0x70*/{0x0a, 0x8a, 0x8a, 0x8a, 0x8a, 0x8a, 0x8a, 0x8a, 0x8a, 0x00, 0x00, 0x00, 0x8a, 0x8a, 0x8a, 0x8a, 0x8a, 0x8a, 0x8a, 0x8a, 0x8a, 0x8a, 0x8a, 0x00, 0x00, 0x00, 0x00, 0x0a, 0x0a, 0x0a, 0x06, 0x06, 0x07, 0x07, 0x07, 0x0a, },
    /*0x71*/{0x0a, 0x8a, 0x8a, 0x8a, 0x8a, 0x8a, 0x8a, 0x8a, 0x8a, 0x00, 0x00, 0x00, 0x8a, 0x8a, 0x8a, 0x8a, 0x8a, 0x8a, 0x8a, 0x8a, 0x8a, 0x8a, 0x8a, 0x00, 0x00, 0x00, 0x00, 0x0a, 0x0a, 0x0a, 0x06, 0x06, 0x06, 0x07, 0x07, 0x0a, },
    /*0x72*/{0x0a, 0x8a, 0x8a, 0x8a, 0x8a, 0x8a, 0x8a, 0x8a, 0x8a, 0x00, 0x00, 0x00, 0x8a, 0x8a, 0x8a, 0x8a, 0x8a, 0x8a, 0x8a, 0x8a, 0x8a, 0x8a, 0x8a, 0x00, 0x00, 0x00, 0x00, 0x0a, 0x0a, 0x0a, 0x06, 0x06, 0x06, 0x07, 0x07, 0x0a, },
    /*0x73*/{0x0a, 0x8a, 0x8a, 0x8a, 0x8a, 0x8a, 0x8a, 0x8a, 0x8a, 0x00, 0x00, 0x00, 0x8a, 0x8a, 0x8a, 0x8a, 0x8a, 0x8a, 0x8a, 0x8a, 0x8a, 0x8a, 0x8a, 0x00, 0x00, 0x00, 0x00, 0x0a, 0x0a, 0x0a, 0x06, 0x06, 0x06, 0x07, 0x07, 0x0a, },
    /*0x74*/{0x0a, 0x8a, 0x8a, 0x8a, 0x8a, 0x8a, 0x8a, 0x8a, 0x8a, 0x00, 0x00, 0x00, 0x8a, 0x8a, 0x8a, 0x8a, 0x8a, 0x8a, 0x8a, 0x8a, 0x8a, 0x8a, 0x8a, 0x00, 0x00, 0x00, 0x00, 0x0a, 0x0a, 0x0a, 0x06, 0x06, 0x06, 0x07, 0x07, 0x0a, },
    /*0x75*/{0x0a, 0x8a, 0x8a, 0x8a, 0x8a, 0x8a, 0x8a, 0x8a, 0x8a, 0x00, 0x00, 0x00, 0x8a, 0x8a, 0x8a, 0x8a, 0x8a, 0x8a, 0x8a, 0x8a, 0x8a, 0x8a, 0x8a, 0x00, 0x00, 0x00, 0x00, 0x0a, 0x0a, 0x0a, 0x06, 0x06, 0x06, 0x07, 0x07, 0x0a, },
    /*0x76*/{0x0a, 0x8a, 0x8a, 0x8a, 0x8a, 0x8a, 0x8a, 0x8a, 0x8a, 0x00, 0x00, 0x00, 0x8a, 0x8a, 0x8a, 0x8a, 0x8a, 0x8a, 0x8a, 0x8a, 0x8a, 0x8a, 0x8a, 0x00, 0x00, 0x00, 0x00, 0x0a, 0x0a, 0x0a, 0x06, 0x06, 0x06, 0x07, 0x07, 0x0a, },
    /*0x77*/{0x0a, 0x8a, 0x8a, 0x8a, 0x8a, 0x8a, 0x8a, 0x8a, 0x8a, 0x00, 0x00, 0x00, 0x8a, 0x8a, 0x8a, 0x8a, 0x8a, 0x8a, 0x8a, 0x8a, 0x8a, 0x8a, 0x8a, 0x00, 0x00, 0x00, 0x00, 0x0a, 0x0a, 0x0a, 0x06, 0x06, 0x06, 0x07, 0x07, 0x0a, },
    /*0x78*/{0x0a, 0x8a, 0x8a, 0x8a, 0x8a, 0x8a, 0x8a, 0x8a, 0x8a, 0x00, 0x00, 0x00, 0x8a, 0x8a, 0x8a, 0x8a, 0x8a, 0x8a, 0x8a, 0x8a, 0x8a, 0x8a, 0x8a, 0x00, 0x00, 0x00, 0x00, 0x0a, 0x0a, 0x0a, 0x06, 0x06, 0x06, 0x07, 0x07, 0x0a, },
    /*0x79*/{0x0a, 0x8a, 0x8a, 0x8a, 0x8a, 0x8a, 0x8a, 0x8a, 0x8a, 0x00, 0x00, 0x00, 0x8a, 0x8a, 0x8a, 0x8a, 0x8a, 0x8a, 0x8a, 0x8a, 0x8a, 0x8a, 0x8a, 0x00, 0x00, 0x00, 0x00, 0x0a, 0x0a, 0x0a, 0x06, 0x06, 0x06, 0x07, 0x07, 0x0a, },
    /*0x7a*/{0x0a, 0x8a, 0x8a, 0x8a, 0x8a, 0x8a, 0x8a, 0x8a, 0x8a, 0x00, 0x00, 0x00, 0x8a, 0x8a, 0x8a, 0x8a, 0x8a, 0x8a, 0x8a, 0x8a, 0x8a, 0x8a, 0x8a, 0x00, 0x00, 0x00, 0x00, 0x0a, 0x0a, 0x0a, 0x06, 0x06, 0x06, 0x07, 0x07, 0x0a, },
    /*0x7b*/{0x4f, 0xcf, 0xcf, 0xcf, 0xcf, 0xcf, 0xcf, 0xcf, 0xcf, 0x00, 0x00, 0x00, 0xcf, 0xcf, 0xcf, 0xcf, 0xcf, 0xcf, 0xcf, 0xcf, 0xcf, 0xcf, 0xcf, 0x00, 0x00, 0x00, 0x00, 0xcf, 0xcf, 0xcf, 0xcf, 0xcf, 0xcf, 0xcf, 0xcf, 0xcf, },
    /*0x7c*/{0x19, 0x99, 0x99, 0x99, 0x99, 0x99, 0x99, 0x99, 0x99, 0x00, 0x00, 0x00, 0x99, 0x99, 0x99, 0x99, 0x99, 0x99, 0x99, 0x99, 0x99, 0x99, 0x75, 0x00, 0x00, 0x00, 0x00, 0x99, 0x99, 0x99, 0x99, 0x99, 0x99, 0x99, 0x99, 0x99, },
    /*0x7d*/{0x50, 0xd0, 0xd0, 0xd0, 0xd0, 0xd0, 0xd0, 0xd0, 0xd0, 0x00, 0x00, 0x00, 0xd0, 0xd0, 0xd0, 0xd0, 0xd0, 0xd0, 0xd0, 0xd0, 0xd0, 0xd0, 0xd0, 0x00, 0x00, 0x00, 0x00, 0xd0, 0xd0, 0xd0, 0xd0, 0xd0, 0xd0, 0xd0, 0xd0, 0xd0, },
    /*0x7e*/{0x54, 0xd4, 0xd4, 0xd4, 0xd4, 0xd4, 0xd4, 0xd4, 0xd4, 0x00, 0x00, 0x00, 0xd4, 0xd4, 0xd4, 0xd4, 0xd4, 0xd4, 0xd4, 0xd4, 0xd4, 0xd4, 0xd4, 0x00, 0x00, 0x00, 0x00, 0xd4, 0xd4, 0xd4, 0xd4, 0xd4, 0xd4, 0xd4, 0xd4, 0xd4, },
    /*0x7f*/{0x41, 0xc1, 0xc1, 0xc1, 0xc1, 0xc1, 0xc1, 0xc1, 0xc1, 0x00, 0x00, 0x00, 0xc1, 0xc1, 0xc1, 0xc1, 0xc1, 0xc1, 0xc1, 0xc1, 0xc1, 0xc1, 0xc1, 0x00, 0x00, 0x00, 0x00, 0xc1, 0xc1, 0xc1, 0xc1, 0xc1, 0xc1, 0xc1, 0xc1, 0xc1, },
    /*0x80*/{0x0a, 0x8a, 0x8a, 0x8a, 0x8a, 0x8a, 0x8a, 0x8a, 0x8a, 0x00, 0x00, 0x00, 0x8a, 0x8a, 0x8a, 0x8a, 0x8a, 0x8a, 0x8a, 0x8a, 0x8a, 0x8a, 0x8a, 0x00, 0x00, 0x00, 0x00, 0x0a, 0x0a, 0x0a, 0x8a, 0x8a, 0x8a, 0x8a, 0x8a, 0x0a, },
    /*0x81*/{0x0a, 0x8a, 0x8a, 0x8a, 0x8a, 0x8a, 0x8a, 0x8a, 0x8a, 0x00, 0x00, 0x00, 0x8a, 0x8a, 0x8a, 0x8a, 0x8a, 0x8a, 0x8a, 0x8a, 0x8a, 0x8a, 0x8a, 0x00, 0x00, 0x00, 0x00, 0x0a, 0x0a, 0x0a, 0x8a, 0x8a, 0x8a, 0x8a, 0x8a, 0x0a, },
    /*0x82*/{0x0a, 0x8a, 0x8a, 0x8a, 0x8a, 0x8a, 0x8a, 0x8a, 0x8a, 0x00, 0x00, 0x00, 0x8a, 0x8a, 0x8a, 0x8a, 0x8a, 0x8a, 0x8a, 0x8a, 0x8a, 0x8a, 0x8a, 0x00, 0x00, 0x00, 0x00, 0x0a, 0x0a, 0x0a, 0x8a, 0x8a, 0x8a, 0x8a, 0x8a, 0x0a, },
    /*0x83*/{0x0a, 0x8a, 0x8a, 0x8a, 0x8a, 0x8a, 0x8a, 0x8a, 0x8a, 0x00, 0x00, 0x00, 0x8a, 0x8a, 0x8a, 0x8a, 0x8a, 0x8a, 0x8a, 0x8a, 0x8a, 0x8a, 0x8a, 0x00, 0x00, 0x00, 0x00, 0x0a, 0x0a, 0x0a, 0x8a, 0x8a, 0x8a, 0x8a, 0x8a, 0x0a, },
    /*0x84*/{0x0a, 0x8a, 0x8a, 0x8a, 0x8a, 0x8a, 0x8a, 0x8a, 0x8a, 0x00, 0x00, 0x00, 0x8a, 0x8a, 0x8a, 0x8a, 0x8a, 0x8a, 0x8a, 0x8a, 0x8a, 0x8a, 0x8a, 0x00, 0x00, 0x00, 0x00, 0x0a, 0x0a, 0x0a, 0x8a, 0x8a, 0x8a, 0x8a, 0x8a, 0x0a, },
    /*0x85*/{0x0a, 0x8a, 0x8a, 0x8a, 0x8a, 0x8a, 0x8a, 0x8a, 0x8a, 0x00, 0x00, 0x00, 0x8a, 0x8a, 0x8a, 0x8a, 0x8a, 0x8a, 0x8a, 0x8a, 0x8a, 0x8a, 0x8a, 0x00, 0x00, 0x00, 0x00, 0x0a, 0x0a, 0x0a, 0x8a, 0x8a, 0x8a, 0x8a, 0x8a, 0x0a, },
    /*0x86*/{0x0a, 0x8a, 0x8a, 0x8a, 0x8a, 0x8a, 0x8a, 0x8a, 0x8a, 0x00, 0x00, 0x00, 0x8a, 0x8a, 0x8a, 0x8a, 0x8a, 0x8a, 0x8a, 0x8a, 0x8a, 0x8a, 0x8a, 0x00, 0x00, 0x00, 0x00, 0x0a, 0x0a, 0x0a, 0x8a, 0x8a, 0x8a, 0x8a, 0x8a, 0x0a, },
    /*0x87*/{0x0a, 0x8a, 0x8a, 0x8a, 0x8a, 0x8a, 0x8a, 0x8a, 0x8a, 0x00, 0x00, 0x00, 0x8a, 0x8a, 0x8a, 0x8a, 0x8a, 0x8a, 0x8a, 0x8a, 0x8a, 0x8a, 0x8a, 0x00, 0x00, 0x00, 0x00, 0x0a, 0x0a, 0x0a, 0x8a, 0x8a, 0x8a, 0x8a, 0x8a, 0x0a, },
    /*0x88*/{0x0a, 0x8a, 0x8a, 0x8a, 0x8a, 0x8a, 0x8a, 0x8a, 0x8a, 0x00, 0x00, 0x00, 0x8a, 0x8a, 0x8a, 0x8a, 0x8a, 0x8a, 0x8a, 0x8a, 0x8a, 0x8a, 0x8a, 0x00, 0x00, 0x00, 0x00, 0x0a, 0x0a, 0x0a, 0x8a, 0x8a, 0x8a, 0x8a, 0x8a, 0x0a, },
    /*0x89*/{0x0a, 0x8a, 0x8a, 0x8a, 0x8a, 0x8a, 0x8a, 0x8a, 0x8a, 0x00, 0x00, 0x00, 0x8a, 0x8a, 0x8a, 0x8a, 0x8a, 0x8a, 0x8a, 0x8a, 0x8a, 0x8a, 0x8a, 0x00, 0x00, 0x00, 0x00, 0x0a, 0x0a, 0x0a, 0x8a, 0x8a, 0x8a, 0x8a, 0x8a, 0x0a, },
    /*0x8a*/{0x0a, 0x8a, 0x8a, 0x8a, 0x8a, 0x8a, 0x8a, 0x8a, 0x8a, 0x00, 0x00, 0x00, 0x8a, 0x8a, 0x8a, 0x8a, 0x8a, 0x8a, 0x8a, 0x8a, 0x8a, 0x8a, 0x8a, 0x00, 0x00, 0x00, 0x00, 0x0a, 0x0a, 0x0a, 0x8a, 0x8a, 0x8a, 0x8a, 0x8a, 0x0a, },
    /*0x8b*/{0x0a, 0x8a, 0x8a, 0x8a, 0x8a, 0x8a, 0x8a, 0x8a, 0x8a, 0x00, 0x00, 0x00, 0x8a, 0x8a, 0x8a, 0x8a, 0x8a, 0x8a, 0x8a, 0x8a, 0x8a, 0x8a, 0x8a, 0x00, 0x00, 0x00, 0x00, 0x0a, 0x0a, 0x0a, 0x8a, 0x8a, 0x8a, 0x8a, 0x8a, 0x0a, },
    /*0x8c*/{0x0a, 0x8a, 0x8a, 0x8a, 0x8a, 0x8a, 0x8a, 0x8a, 0x8a, 0x00, 0x00, 0x00, 0x8a, 0x8a, 0x8a, 0x8a, 0x8a, 0x8a, 0x8a, 0x8a, 0x8a, 0x8a, 0x8a, 0x00, 0x00, 0x00, 0x00, 0x0a, 0x0a, 0x0a, 0x8a, 0x8a, 0x8a, 0x8a, 0x8a, 0x0a, },
    /*0x8d*/{0x0a, 0x8a, 0x8a, 0x8a, 0x8a, 0x8a, 0x8a, 0x8a, 0x8a, 0x00, 0x00, 0x00, 0x8a, 0x8a, 0x8a, 0x8a, 0x8a, 0x8a, 0x8a, 0x8a, 0x8a, 0x8a, 0x8a, 0x00, 0x00, 0x00, 0x00, 0x0a, 0x0a, 0x0a, 0x8a, 0x8a, 0x8a, 0x8a, 0x8a, 0x0a, },
    /*0x8e*/{0x0a, 0x8a, 0x8a, 0x8a, 0x8a, 0x8a, 0x8a, 0x8a, 0x8a, 0x00, 0x00, 0x00, 0x8a, 0x8a, 0x8a, 0x8a, 0x8a, 0x8a, 0x8a, 0x8a, 0x8a, 0x8a, 0x8a, 0x00, 0x00, 0x00, 0x00, 0x0a, 0x0a, 0x0a, 0x8a, 0x8a, 0x8a, 0x8a, 0x8a, 0x0a, },
    /*0x8f*/{0x0a, 0x8a, 0x8a, 0x8a, 0x8a, 0x8a, 0x8a, 0x8a, 0x8a, 0x00, 0x00, 0x00, 0x8a, 0x8a, 0x8a, 0x8a, 0x8a, 0x8a, 0x8a, 0x8a, 0x8a, 0x8a, 0x8a, 0x00, 0x00, 0x00, 0x00, 0x0a, 0x0a, 0x0a, 0x8a, 0x8a, 0x8a, 0x8a, 0x8a, 0x0a, },
    /*0x90*/{0x0a, 0x8a, 0x8a, 0x8a, 0x8a, 0x8a, 0x8a, 0x8a, 0x8a, 0x00, 0x00, 0x00, 0x8a, 0x8a, 0x8a, 0x8a, 0x8a, 0x8a, 0x8a, 0x8a, 0x8a, 0x8a, 0x8a, 0x00, 0x00, 0x00, 0x00, 0x0a, 0x0a, 0x0a, 0x8a, 0x8a, 0x8a, 0x8a, 0x8a, 0x0a, },
    /*0x91*/{0x0a, 0x8a, 0x8a, 0x8a, 0x8a, 0x8a, 0x8a, 0x8a, 0x8a, 0x00, 0x00, 0x00, 0x8a, 0x8a, 0x8a, 0x8a, 0x8a, 0x8a, 0x8a, 0x8a, 0x8a, 0x8a, 0x8a, 0x00, 0x00, 0x00, 0x00, 0x0a, 0x0a, 0x0a, 0x8a, 0x8a, 0x8a, 0x8a, 0x8a, 0x0a, },
    /*0x92*/{0x0a, 0x8a, 0x8a, 0x8a, 0x8a, 0x8a, 0x8a, 0x8a, 0x8a, 0x00, 0x00, 0x00, 0x8a, 0x8a, 0x8a, 0x8a, 0x8a, 0x8a, 0x8a, 0x8a, 0x8a, 0x8a, 0x8a, 0x00, 0x00, 0x00, 0x00, 0x0a, 0x0a, 0x0a, 0x8a, 0x8a, 0x8a, 0x8a, 0x8a, 0x0a, },
    /*0x93*/{0x0a, 0x8a, 0x8a, 0x8a, 0x8a, 0x8a, 0x8a, 0x8a, 0x8a, 0x00, 0x00, 0x00, 0x8a, 0x8a, 0x8a, 0x8a, 0x8a, 0x8a, 0x8a, 0x8a, 0x8a, 0x8a, 0x8a, 0x00, 0x00, 0x00, 0x00, 0x0a, 0x0a, 0x0a, 0x8a, 0x8a, 0x8a, 0x8a, 0x8a, 0x0a, },
    /*0x94*/{0x0a, 0x8a, 0x8a, 0x8a, 0x8a, 0x8a, 0x8a, 0x8a, 0x8a, 0x00, 0x00, 0x00, 0x8a, 0x8a, 0x8a, 0x8a, 0x8a, 0x8a, 0x8a, 0x8a, 0x8a, 0x8a, 0x8a, 0x00, 0x00, 0x00, 0x00, 0x0a, 0x0a, 0x0a, 0x8a, 0x8a, 0x8a, 0x8a, 0x8a, 0x0a, },
    /*0x95*/{0x0a, 0x8a, 0x8a, 0x8a, 0x8a, 0x8a, 0x8a, 0x8a, 0x8a, 0x00, 0x00, 0x00, 0x8a, 0x8a, 0x8a, 0x8a, 0x8a, 0x8a, 0x8a, 0x8a, 0x8a, 0x8a, 0x8a, 0x00, 0x00, 0x00, 0x00, 0x0a, 0x0a, 0x0a, 0x8a, 0x8a, 0x8a, 0x8a, 0x8a, 0x0a, },
    /*0x96*/{0x0a, 0x8a, 0x8a, 0x8a, 0x8a, 0x8a, 0x8a, 0x8a, 0x8a, 0x00, 0x00, 0x00, 0x8a, 0x8a, 0x8a, 0x8a, 0x8a, 0x8a, 0x8a, 0x8a, 0x8a, 0x8a, 0x8a, 0x00, 0x00, 0x00, 0x00, 0x0a, 0x0a, 0x0a, 0x8a, 0x8a, 0x8a, 0x8a, 0x8a, 0x0a, },
    /*0x97*/{0x0a, 0x8a, 0x8a, 0x8a, 0x8a, 0x8a, 0x8a, 0x8a, 0x8a, 0x00, 0x00, 0x00, 0x8a, 0x8a, 0x8a, 0x8a, 0x8a, 0x8a, 0x8a, 0x8a, 0x8a, 0x8a, 0x8a, 0x00, 0x00, 0x00, 0x00, 0x0a, 0x0a, 0x0a, 0x8a, 0x8a, 0x8a, 0x8a, 0x8a, 0x0a, },
    /*0x98*/{0x0a, 0x8a, 0x8a, 0x8a, 0x8a, 0x8a, 0x8a, 0x8a, 0x8a, 0x00, 0x00, 0x00, 0x8a, 0x8a, 0x8a, 0x8a, 0x8a, 0x8a, 0x8a, 0x8a, 0x8a, 0x8a, 0x8a, 0x00, 0x00, 0x00, 0x00, 0x0a, 0x0a, 0x0a, 0x8a, 0x8a, 0x8a, 0x8a, 0x8a, 0x0a, },
    /*0x99*/{0x0a, 0x8a, 0x8a, 0x8a, 0x8a, 0x8a, 0x8a, 0x8a, 0x8a, 0x00, 0x00, 0x00, 0x8a, 0x8a, 0x8a, 0x8a, 0x8a, 0x8a, 0x8a, 0x8a, 0x8a, 0x8a, 0x8a, 0x00, 0x00, 0x00, 0x00, 0x0a, 0x0a, 0x0a, 0x8a, 0x8a, 0x8a, 0x8a, 0x8a, 0x0a, },
    /*0x9a*/{0x0a, 0x8a, 0x8a, 0x8a, 0x8a, 0x8a, 0x8a, 0x8a, 0x8a, 0x00, 0x00, 0x00, 0x8a, 0x8a, 0x8a, 0x8a, 0x8a, 0x8a, 0x8a, 0x8a, 0x8a, 0x8a, 0x8a, 0x00, 0x00, 0x00, 0x00, 0x0a, 0x0a, 0x0a, 0x8a, 0x8a, 0x8a, 0x8a, 0x8a, 0x0a, },
    /*0x9b*/{0x0a, 0x8a, 0x8a, 0x8a, 0x8a, 0x8a, 0x8a, 0x8a, 0x8a, 0x00, 0x00, 0x00, 0x8a, 0x8a, 0x8a, 0x8a, 0x8a, 0x8a, 0x8a, 0x8a, 0x8a, 0x8a, 0x8a, 0x00, 0x00, 0x00, 0x00, 0x0a, 0x0a, 0x0a, 0x8a, 0x8a, 0x8a, 0x8a, 0x8a, 0x0a, },
    /*0x9c*/{0x0a, 0x8a, 0x8a, 0x8a, 0x8a, 0x8a, 0x8a, 0x8a, 0x8a, 0x00, 0x00, 0x00, 0x8a, 0x8a, 0x8a, 0x8a, 0x8a, 0x8a, 0x8a, 0x8a, 0x8a, 0x8a, 0x8a, 0x00, 0x00, 0x00, 0x00, 0x0a, 0x0a, 0x0a, 0x8a, 0x8a, 0x8a, 0x8a, 0x8a, 0x0a, },
    /*0x9d*/{0x0a, 0x8a, 0x8a, 0x8a, 0x8a, 0x8a, 0x8a, 0x8a, 0x8a, 0x00, 0x00, 0x00, 0x8a, 0x8a, 0x8a, 0x8a, 0x8a, 0x8a, 0x8a, 0x8a, 0x8a, 0x8a, 0x8a, 0x00, 0x00, 0x00, 0x00, 0x0a, 0x0a, 0x0a, 0x8a, 0x8a, 0x8a, 0x8a, 0x8a, 0x0a, },
    /*0x9e*/{0x0a, 0x8a, 0x8a, 0x8a, 0x8a, 0x8a, 0x8a, 0x8a, 0x8a, 0x00, 0x00, 0x00, 0x8a, 0x8a, 0x8a, 0x8a, 0x8a, 0x8a, 0x8a, 0x8a, 0x8a, 0x8a, 0x8a, 0x00, 0x00, 0x00, 0x00, 0x0a, 0x0a, 0x0a, 0x8a, 0x8a, 0x8a, 0x8a, 0x8a, 0x0a, },
    /*0x9f*/{0x0a, 0x8a, 0x8a, 0x8a, 0x8a, 0x8a, 0x8a, 0x8a, 0x8a, 0x00, 0x00, 0x00, 0x8a, 0x8a, 0x8a, 0x8a, 0x8a, 0x8a, 0x8a, 0x8a, 0x8a, 0x8a, 0x8a, 0x00, 0x00, 0x00, 0x00, 0x0a, 0x0a, 0x0a, 0x8a, 0x8a, 0x8a, 0x8a, 0x8a, 0x0a, },
    /*0xa0*/{0x0a, 0x8a, 0x8a, 0x8a, 0x8a, 0x8a, 0x8a, 0x8a, 0x8a, 0x00, 0x00, 0x00, 0x8a, 0x8a, 0x8a, 0x8a, 0x8a, 0x8a, 0x8a, 0x8a, 0x8a, 0x8a, 0x8a, 0x00, 0x00, 0x00, 0x00, 0x0a, 0x0a, 0x0a, 0x8a, 0x8a, 0x8a, 0x8a, 0x8a, 0x0a, },
    /*0xa1*/{0x0a, 0x8a, 0x8a, 0x8a, 0x8a, 0x8a, 0x8a, 0x8a, 0x8a, 0x00, 0x00, 0x00, 0x8a, 0x8a, 0x8a, 0x8a, 0x8a, 0x8a, 0x8a, 0x8a, 0x8a, 0x8a, 0x8a, 0x00, 0x00, 0x00, 0x00, 0x0a, 0x0a, 0x0a, 0x8a, 0x8a, 0x8a, 0x8a, 0x8a, 0x0a, },
    /*0xa2*/{0x0a, 0x8a, 0x8a, 0x8a, 0x8a, 0x8a, 0x8a, 0x8a, 0x8a, 0x00, 0x00, 0x00, 0x8a, 0x8a, 0x8a, 0x8a, 0x8a, 0x8a, 0x8a, 0x8a, 0x8a, 0x8a, 0x8a, 0x00, 0x00, 0x00, 0x00, 0x0a, 0x0a, 0x0a, 0x8a, 0x8a, 0x8a, 0x8a, 0x8a, 0x0a, },
    /*0xa3*/{0x0a, 0x8a, 0x8a, 0x8a, 0x8a, 0x8a, 0x8a, 0x8a, 0x8a, 0x00, 0x00, 0x00, 0x8a, 0x8a, 0x8a, 0x8a, 0x8a, 0x8a, 0x8a, 0x8a, 0x8a, 0x8a, 0x8a, 0x00, 0x00, 0x00, 0x00, 0x0a, 0x0a, 0x0a, 0x8a, 0x8a, 0x8a, 0x8a, 0x8a, 0x0a, },
    /*0xa4*/{0x0a, 0x8a, 0x8a, 0x8a, 0x8a, 0x8a, 0x8a, 0x8a, 0x8a, 0x00, 0x00, 0x00, 0x8a, 0x8a, 0x8a, 0x8a, 0x8a, 0x8a, 0x8a, 0x8a, 0x8a, 0x8a, 0x8a, 0x00, 0x00, 0x00, 0x00, 0x0a, 0x0a, 0x0a, 0x8a, 0x8a, 0x8a, 0x8a, 0x8a, 0x0a, },
    /*0xa5*/{0x0a, 0x8a, 0x8a, 0x8a, 0x8a, 0x8a, 0x8a, 0x8a, 0x8a, 0x00, 0x00, 0x00, 0x8a, 0x8a, 0x8a, 0x8a, 0x8a, 0x8a, 0x8a, 0x8a, 0x8a, 0x8a, 0x8a, 0x00, 0x00, 0x00, 0x00, 0x0a, 0x0a, 0x0a, 0x8a, 0x8a, 0x8a, 0x8a, 0x8a, 0x0a, },
    /*0xa6*/{0x0a, 0x8a, 0x8a, 0x8a, 0x8a, 0x8a, 0x8a, 0x8a, 0x8a, 0x00, 0x00, 0x00, 0x8a, 0x8a, 0x8a, 0x8a, 0x8a, 0x8a, 0x8a, 0x8a, 0x8a, 0x8a, 0x8a, 0x00, 0x00, 0x00, 0x00, 0x0a, 0x0a, 0x0a, 0x8a, 0x8a, 0x8a, 0x8a, 0x8a, 0x0a, },
    /*0xa7*/{0x0a, 0x8a, 0x8a, 0x8a, 0x8a, 0x8a, 0x8a, 0x8a, 0x8a, 0x00, 0x00, 0x00, 0x8a, 0x8a, 0x8a, 0x8a, 0x8a, 0x8a, 0x8a, 0x8a, 0x8a, 0x8a, 0x8a, 0x00, 0x00, 0x00, 0x00, 0x0a, 0x0a, 0x0a, 0x8a, 0x8a, 0x8a, 0x8a, 0x8a, 0x0a, },
    /*0xa8*/{0x0a, 0x8a, 0x8a, 0x8a, 0x8a, 0x8a, 0x8a, 0x8a, 0x8a, 0x00, 0x00, 0x00, 0x8a, 0x8a, 0x8a, 0x8a, 0x8a, 0x8a, 0x8a, 0x8a, 0x8a, 0x8a, 0x8a, 0x00, 0x00, 0x00, 0x00, 0x0a, 0x0a, 0x0a, 0x8a, 0x8a, 0x8a, 0x8a, 0x8a, 0x0a, },
    /*0xa9*/{0x0a, 0x8a, 0x8a, 0x8a, 0x8a, 0x8a, 0x8a, 0x8a, 0x8a, 0x00, 0x00, 0x00, 0x8a, 0x8a, 0x8a, 0x8a, 0x8a, 0x8a, 0x8a, 0x8a, 0x8a, 0x8a, 0x8a, 0x00, 0x00, 0x00, 0x00, 0x0a, 0x0a, 0x0a, 0x8a, 0x8a, 0x8a, 0x8a, 0x8a, 0x0a, },
    /*0xaa*/{0x0a, 0x8a, 0x8a, 0x8a, 0x8a, 0x8a, 0x8a, 0x8a, 0x8a, 0x00, 0x00, 0x00, 0x8a, 0x8a, 0x8a, 0x8a, 0x8a, 0x8a, 0x8a, 0x8a, 0x8a, 0x8a, 0x8a, 0x00, 0x00, 0x00, 0x00, 0x0a, 0x0a, 0x0a, 0x8a, 0x8a, 0x8a, 0x8a, 0x8a, 0x0a, },
    /*0xab*/{0x0a, 0x8a, 0x8a, 0x8a, 0x8a, 0x8a, 0x8a, 0x8a, 0x8a, 0x00, 0x00, 0x00, 0x8a, 0x8a, 0x8a, 0x8a, 0x8a, 0x8a, 0x8a, 0x8a, 0x8a, 0x8a, 0x8a, 0x00, 0x00, 0x00, 0x00, 0x0a, 0x0a, 0x0a, 0x8a, 0x8a, 0x8a, 0x8a, 0x8a, 0x0a, },
    /*0xac*/{0x0a, 0x8a, 0x8a, 0x8a, 0x8a, 0x8a, 0x8a, 0x8a, 0x8a, 0x00, 0x00, 0x00, 0x8a, 0x8a, 0x8a, 0x8a, 0x8a, 0x8a, 0x8a, 0x8a, 0x8a, 0x8a, 0x8a, 0x00, 0x00, 0x00, 0x00, 0x0a, 0x0a, 0x0a, 0x8a, 0x8a, 0x8a, 0x8a, 0x8a, 0x0a, },
    /*0xad*/{0x0a, 0x8a, 0x8a, 0x8a, 0x8a, 0x8a, 0x8a, 0x8a, 0x8a, 0x00, 0x00, 0x00, 0x8a, 0x8a, 0x8a, 0x8a, 0x8a, 0x8a, 0x8a, 0x8a, 0x8a, 0x8a, 0x8a, 0x00, 0x00, 0x00, 0x00, 0x0a, 0x0a, 0x0a, 0x8a, 0x8a, 0x8a, 0x8a, 0x8a, 0x0a, },
    /*0xae*/{0x0a, 0x8a, 0x8a, 0x8a, 0x8a, 0x8a, 0x8a, 0x8a, 0x8a, 0x00, 0x00, 0x00, 0x8a, 0x8a, 0x8a, 0x8a, 0x8a, 0x8a, 0x8a, 0x8a, 0x8a, 0x8a, 0x8a, 0x00, 0x00, 0x00, 0x00, 0x0a, 0x0a, 0x0a, 0x8a, 0x8a, 0x8a, 0x8a, 0x8a, 0x0a, },
    /*0xaf*/{0x0a, 0x8a, 0x8a, 0x8a, 0x8a, 0x8a, 0x8a, 0x8a, 0x8a, 0x00, 0x00, 0x00, 0x8a, 0x8a, 0x8a, 0x8a, 0x8a, 0x8a, 0x8a, 0x8a, 0x8a, 0x8a, 0x8a, 0x00, 0x00, 0x00, 0x00, 0x0a, 0x0a, 0x0a, 0x8a, 0x8a, 0x8a, 0x8a, 0x8a, 0x0a, },
    /*0xb0*/{0x0a, 0x8a, 0x8a, 0x8a, 0x8a, 0x8a, 0x8a, 0x8a, 0x8a, 0x00, 0x00, 0x00, 0x8a, 0x8a, 0x8a, 0x8a, 0x8a, 0x8a, 0x8a, 0x8a, 0x8a, 0x8a, 0x8a, 0x00, 0x00, 0x00, 0x00, 0x0a, 0x0a, 0x0a, 0x8a, 0x8a, 0x8a, 0x8a, 0x8a, 0x0a, },
    /*0xb1*/{0x0a, 0x8a, 0x8a, 0x8a, 0x8a, 0x8a, 0x8a, 0x8a, 0x8a, 0x00, 0x00, 0x00, 0x8a, 0x8a, 0x8a, 0x8a, 0x8a, 0x8a, 0x8a, 0x8a, 0x8a, 0x8a, 0x8a, 0x00, 0x00, 0x00, 0x00, 0x0a, 0x0a, 0x0a, 0x8a, 0x8a, 0x8a, 0x8a, 0x8a, 0x0a, },
    /*0xb2*/{0x0a, 0x8a, 0x8a, 0x8a, 0x8a, 0x8a, 0x8a, 0x8a, 0x8a, 0x00, 0x00, 0x00, 0x8a, 0x8a, 0x8a, 0x8a, 0x8a, 0x8a, 0x8a, 0x8a, 0x8a, 0x8a, 0x8a, 0x00, 0x00, 0x00, 0x00, 0x0a, 0x0a, 0x0a, 0x8a, 0x8a, 0x8a, 0x8a, 0x8a, 0x0a, },
    /*0xb3*/{0x0a, 0x8a, 0x8a, 0x8a, 0x8a, 0x8a, 0x8a, 0x8a, 0x8a, 0x00, 0x00, 0x00, 0x8a, 0x8a, 0x8a, 0x8a, 0x8a, 0x8a, 0x8a, 0x8a, 0x8a, 0x8a, 0x8a, 0x00, 0x00, 0x00, 0x00, 0x0a, 0x0a, 0x0a, 0x8a, 0x8a, 0x8a, 0x8a, 0x8a, 0x0a, },
    /*0xb4*/{0x0a, 0x8a, 0x8a, 0x8a, 0x8a, 0x8a, 0x8a, 0x8a, 0x8a, 0x00, 0x00, 0x00, 0x8a, 0x8a, 0x8a, 0x8a, 0x8a, 0x8a, 0x8a, 0x8a, 0x8a, 0x8a, 0x8a, 0x00, 0x00, 0x00, 0x00, 0x0a, 0x0a, 0x0a, 0x8a, 0x8a, 0x8a, 0x8a, 0x8a, 0x0a, },
    /*0xb5*/{0x0a, 0x8a, 0x8a, 0x8a, 0x8a, 0x8a, 0x8a, 0x8a, 0x8a, 0x00, 0x00, 0x00, 0x8a, 0x8a, 0x8a, 0x8a, 0x8a, 0x8a, 0x8a, 0x8a, 0x8a, 0x8a, 0x8a, 0x00, 0x00, 0x00, 0x00, 0x0a, 0x0a, 0x0a, 0x8a, 0x8a, 0x8a, 0x8a, 0x8a, 0x0a, },
    /*0xb6*/{0x0a, 0x8a, 0x8a, 0x8a, 0x8a, 0x8a, 0x8a, 0x8a, 0x8a, 0x00, 0x00, 0x00, 0x8a, 0x8a, 0x8a, 0x8a, 0x8a, 0x8a, 0x8a, 0x8a, 0x8a, 0x8a, 0x8a, 0x00, 0x00, 0x00, 0x00, 0x0a, 0x0a, 0x0a, 0x8a, 0x8a, 0x8a, 0x8a, 0x8a, 0x0a, },
    /*0xb7*/{0x0a, 0x8a, 0x8a, 0x8a, 0x8a, 0x8a, 0x8a, 0x8a, 0x8a, 0x00, 0x00, 0x00, 0x8a, 0x8a, 0x8a, 0x8a, 0x8a, 0x8a, 0x8a, 0x8a, 0x8a, 0x8a, 0x8a, 0x00, 0x00, 0x00, 0x00, 0x0a, 0x0a, 0x0a, 0x8a, 0x8a, 0x8a, 0x8a, 0x8a, 0x0a, },
    /*0xb8*/{0x0a, 0x8a, 0x8a, 0x8a, 0x8a, 0x8a, 0x8a, 0x8a, 0x8a, 0x00, 0x00, 0x00, 0x8a, 0x8a, 0x8a, 0x8a, 0x8a, 0x8a, 0x8a, 0x8a, 0x8a, 0x8a, 0x8a, 0x00, 0x00, 0x00, 0x00, 0x0a, 0x0a, 0x0a, 0x8a, 0x8a, 0x8a, 0x8a, 0x8a, 0x0a, },
    /*0xb9*/{0x0a, 0x8a, 0x8a, 0x8a, 0x8a, 0x8a, 0x8a, 0x8a, 0x8a, 0x00, 0x00, 0x00, 0x8a, 0x8a, 0x8a, 0x8a, 0x8a, 0x8a, 0x8a, 0x8a, 0x8a, 0x8a, 0x8a, 0x00, 0x00, 0x00, 0x00, 0x0a, 0x0a, 0x0a, 0x8a, 0x8a, 0x8a, 0x8a, 0x8a, 0x0a, },
    /*0xba*/{0x0a, 0x8a, 0x8a, 0x8a, 0x8a, 0x8a, 0x8a, 0x8a, 0x8a, 0x00, 0x00, 0x00, 0x8a, 0x8a, 0x8a, 0x8a, 0x8a, 0x8a, 0x8a, 0x8a, 0x8a, 0x8a, 0x8a, 0x00, 0x00, 0x00, 0x00, 0x0a, 0x0a, 0x0a, 0x8a, 0x8a, 0x8a, 0x8a, 0x8a, 0x0a, },
    /*0xbb*/{0x0a, 0x8a, 0x8a, 0x8a, 0x8a, 0x8a, 0x8a, 0x8a, 0x8a, 0x00, 0x00, 0x00, 0x8a, 0x8a, 0x8a, 0x8a, 0x8a, 0x8a, 0x8a, 0x8a, 0x8a, 0x8a, 0x8a, 0x00, 0x00, 0x00, 0x00, 0x0a, 0x0a, 0x0a, 0x8a, 0x8a, 0x8a, 0x8a, 0x8a, 0x0a, },
    /*0xbc*/{0x0a, 0x8a, 0x8a, 0x8a, 0x8a, 0x8a, 0x8a, 0x8a, 0x8a, 0x00, 0x00, 0x00, 0x8a, 0x8a, 0x8a, 0x8a, 0x8a, 0x8a, 0x8a, 0x8a, 0x8a, 0x8a, 0x8a, 0x00, 0x00, 0x00, 0x00, 0x0a, 0x0a, 0x0a, 0x8a, 0x8a, 0x8a, 0x8a, 0x8a, 0x0a, },
    /*0xbd*/{0x0a, 0x8a, 0x8a, 0x8a, 0x8a, 0x8a, 0x8a, 0x8a, 0x8a, 0x00, 0x00, 0x00, 0x8a, 0x8a, 0x8a, 0x8a, 0x8a, 0x8a, 0x8a, 0x8a, 0x8a, 0x8a, 0x8a, 0x00, 0x00, 0x00, 0x00, 0x0a, 0x0a, 0x0a, 0x8a, 0x8a, 0x8a, 0x8a, 0x8a, 0x0a, },
    /*0xbe*/{0x0a, 0x8a, 0x8a, 0x8a, 0x8a, 0x8a, 0x8a, 0x8a, 0x8a, 0x00, 0x00, 0x00, 0x8a, 0x8a, 0x8a, 0x8a, 0x8a, 0x8a, 0x8a, 0x8a, 0x8a, 0x8a, 0x8a, 0x00, 0x00, 0x00, 0x00, 0x0a, 0x0a, 0x0a, 0x8a, 0x8a, 0x8a, 0x8a, 0x8a, 0x0a, },
    /*0xbf*/{0x0a, 0x8a, 0x8a, 0x8a, 0x8a, 0x8a, 0x8a, 0x8a, 0x8a, 0x00, 0x00, 0x00, 0x8a, 0x8a, 0x8a, 0x8a, 0x8a, 0x8a, 0x8a, 0x8a, 0x8a, 0x8a, 0x8a, 0x00, 0x00, 0x00, 0x00, 0x0a, 0x0a, 0x0a, 0x8a, 0x8a, 0x8a, 0x8a, 0x8a, 0x0a, },
    /*0xc0*/{0x0a, 0x8a, 0x8a, 0x8a, 0x8a, 0x8a, 0x8a, 0x8a, 0x8a, 0x00, 0x00, 0x00, 0x8a, 0x8a, 0x8a, 0x8a, 0x8a, 0x8a, 0x8a, 0x8a, 0x8a, 0x8a, 0x8a, 0x00, 0x00, 0x00, 0x00, 0x0a, 0x0a, 0x0a, 0x8a, 0x8a, 0x8a, 0x8a, 0x8a, 0x0a, },
    /*0xc1*/{0x0a, 0x8a, 0x8a, 0x8a, 0x8a, 0x8a, 0x8a, 0x8a, 0x8a, 0x00, 0x00, 0x00, 0x8a, 0x8a, 0x8a, 0x8a, 0x8a, 0x8a, 0x8a, 0x8a, 0x8a, 0x8a, 0x8a, 0x00, 0x00, 0x00, 0x00, 0x0a, 0x0a, 0x0a, 0x8a, 0x8a, 0x8a, 0x8a, 0x8a, 0x0a, },
    /*0xc2*/{0x0a, 0x8a, 0x8a, 0x8a, 0x8a, 0x8a, 0x8a, 0x8a, 0x8a, 0x00, 0x00, 0x00, 0x8a, 0x8a, 0x8a, 0x8a, 0x8a, 0x8a, 0x8a, 0x8a, 0x8a, 0x8a, 0x8a, 0x00, 0x00, 0x00, 0x00, 0x0a, 0x0a, 0x0a, 0x8a, 0x8a, 0x8a, 0x8a, 0x8a, 0x0a, },
    /*0xc3*/{0x0a, 0x8a, 0x8a, 0x8a, 0x8a, 0x8a, 0x8a, 0x8a, 0x8a, 0x00, 0x00, 0x00, 0x8a, 0x8a, 0x8a, 0x8a, 0x8a, 0x8a, 0x8a, 0x8a, 0x8a, 0x8a, 0x8a, 0x00, 0x00, 0x00, 0x00, 0x0a, 0x0a, 0x0a, 0x8a, 0x8a, 0x8a, 0x8a, 0x8a, 0x0a, },
    /*0xc4*/{0x0a, 0x8a, 0x8a, 0x8a, 0x8a, 0x8a, 0x8a, 0x8a, 0x8a, 0x00, 0x00, 0x00, 0x8a, 0x8a, 0x8a, 0x8a, 0x8a, 0x8a, 0x8a, 0x8a, 0x8a, 0x8a, 0x8a, 0x00, 0x00, 0x00, 0x00, 0x0a, 0x0a, 0x0a, 0x8a, 0x8a, 0x8a, 0x8a, 0x8a, 0x0a, },
    /*0xc5*/{0x0a, 0x8a, 0x8a, 0x8a, 0x8a, 0x8a, 0x8a, 0x8a, 0x8a, 0x00, 0x00, 0x00, 0x8a, 0x8a, 0x8a, 0x8a, 0x8a, 0x8a, 0x8a, 0x8a, 0x8a, 0x8a, 0x8a, 0x00, 0x00, 0x00, 0x00, 0x0a, 0x0a, 0x0a, 0x8a, 0x8a, 0x8a, 0x8a, 0x8a, 0x0a, },
    /*0xc6*/{0x0a, 0x8a, 0x8a, 0x8a, 0x8a, 0x8a, 0x8a, 0x8a, 0x8a, 0x00, 0x00, 0x00, 0x8a, 0x8a, 0x8a, 0x8a, 0x8a, 0x8a, 0x8a, 0x8a, 0x8a, 0x8a, 0x8a, 0x00, 0x00, 0x00, 0x00, 0x0a, 0x0a, 0x0a, 0x8a, 0x8a, 0x8a, 0x8a, 0x8a, 0x0a, },
    /*0xc7*/{0x0a, 0x8a, 0x8a, 0x8a, 0x8a, 0x8a, 0x8a, 0x8a, 0x8a, 0x00, 0x00, 0x00, 0x8a, 0x8a, 0x8a, 0x8a, 0x8a, 0x8a, 0x8a, 0x8a, 0x8a, 0x8a, 0x8a, 0x00, 0x00, 0x00, 0x00, 0x0a, 0x0a, 0x0a, 0x8a, 0x8a, 0x8a, 0x8a, 0x8a, 0x0a, },
    /*0xc8*/{0x0a, 0x8a, 0x8a, 0x8a, 0x8a, 0x8a, 0x8a, 0x8a, 0x8a, 0x00, 0x00, 0x00, 0x8a, 0x8a, 0x8a, 0x8a, 0x8a, 0x8a, 0x8a, 0x8a, 0x8a, 0x8a, 0x8a, 0x00, 0x00, 0x00, 0x00, 0x0a, 0x0a, 0x0a, 0x8a, 0x8a, 0x8a, 0x8a, 0x8a, 0x0a, },
    /*0xc9*/{0x0a, 0x8a, 0x8a, 0x8a, 0x8a, 0x8a, 0x8a, 0x8a, 0x8a, 0x00, 0x00, 0x00, 0x8a, 0x8a, 0x8a, 0x8a, 0x8a, 0x8a, 0x8a, 0x8a, 0x8a, 0x8a, 0x8a, 0x00, 0x00, 0x00, 0x00, 0x0a, 0x0a, 0x0a, 0x8a, 0x8a, 0x8a, 0x8a, 0x8a, 0x0a, },
    /*0xca*/{0x0a, 0x8a, 0x8a, 0x8a, 0x8a, 0x8a, 0x8a, 0x8a, 0x8a, 0x00, 0x00, 0x00, 0x8a, 0x8a, 0x8a, 0x8a, 0x8a, 0x8a, 0x8a, 0x8a, 0x8a, 0x8a, 0x8a, 0x00, 0x00, 0x00, 0x00, 0x0a, 0x0a, 0x0a, 0x8a, 0x8a, 0x8a, 0x8a, 0x8a, 0x0a, },
    /*0xcb*/{0x0a, 0x8a, 0x8a, 0x8a, 0x8a, 0x8a, 0x8a, 0x8a, 0x8a, 0x00, 0x00, 0x00, 0x8a, 0x8a, 0x8a, 0x8a, 0x8a, 0x8a, 0x8a, 0x8a, 0x8a, 0x8a, 0x8a, 0x00, 0x00, 0x00, 0x00, 0x0a, 0x0a, 0x0a, 0x8a, 0x8a, 0x8a, 0x8a, 0x8a, 0x0a, },
    /*0xcc*/{0x0a, 0x8a, 0x8a, 0x8a, 0x8a, 0x8a, 0x8a, 0x8a, 0x8a, 0x00, 0x00, 0x00, 0x8a, 0x8a, 0x8a, 0x8a, 0x8a, 0x8a, 0x8a, 0x8a, 0x8a, 0x8a, 0x8a, 0x00, 0x00, 0x00, 0x00, 0x0a, 0x0a, 0x0a, 0x8a, 0x8a, 0x8a, 0x8a, 0x8a, 0x0a, },
    /*0xcd*/{0x0a, 0x8a, 0x8a, 0x8a, 0x8a, 0x8a, 0x8a, 0x8a, 0x8a, 0x00, 0x00, 0x00, 0x8a, 0x8a, 0x8a, 0x8a, 0x8a, 0x8a, 0x8a, 0x8a, 0x8a, 0x8a, 0x8a, 0x00, 0x00, 0x00, 0x00, 0x0a, 0x0a, 0x0a, 0x8a, 0x8a, 0x8a, 0x8a, 0x8a, 0x0a, },
    /*0xce*/{0x0a, 0x8a, 0x8a, 0x8a, 0x8a, 0x8a, 0x8a, 0x8a, 0x8a, 0x00, 0x00, 0x00, 0x8a, 0x8a, 0x8a, 0x8a, 0x8a, 0x8a, 0x8a, 0x8a, 0x8a, 0x8a, 0x8a, 0x00, 0x00, 0x00, 0x00, 0x0a, 0x0a, 0x0a, 0x8a, 0x8a, 0x8a, 0x8a, 0x8a, 0x0a, },
    /*0xcf*/{0x0a, 0x8a, 0x8a, 0x8a, 0x8a, 0x8a, 0x8a, 0x8a, 0x8a, 0x00, 0x00, 0x00, 0x8a, 0x8a, 0x8a, 0x8a, 0x8a, 0x8a, 0x8a, 0x8a, 0x8a, 0x8a, 0x8a, 0x00, 0x00, 0x00, 0x00, 0x0a, 0x0a, 0x0a, 0x8a, 0x8a, 0x8a, 0x8a, 0x8a, 0x0a, },
    /*0xd0*/{0x0a, 0x8a, 0x8a, 0x8a, 0x8a, 0x8a, 0x8a, 0x8a, 0x8a, 0x00, 0x00, 0x00, 0x8a, 0x8a, 0x8a, 0x8a, 0x8a, 0x8a, 0x8a, 0x8a, 0x8a, 0x8a, 0x8a, 0x00, 0x00, 0x00, 0x00, 0x0a, 0x0a, 0x0a, 0x8a, 0x8a, 0x8a, 0x8a, 0x8a, 0x0a, },
    /*0xd1*/{0x0a, 0x8a, 0x8a, 0x8a, 0x8a, 0x8a, 0x8a, 0x8a, 0x8a, 0x00, 0x00, 0x00, 0x8a, 0x8a, 0x8a, 0x8a, 0x8a, 0x8a, 0x8a, 0x8a, 0x8a, 0x8a, 0x8a, 0x00, 0x00, 0x00, 0x00, 0x0a, 0x0a, 0x0a, 0x8a, 0x8a, 0x8a, 0x8a, 0x8a, 0x0a, },
    /*0xd2*/{0x0a, 0x8a, 0x8a, 0x8a, 0x8a, 0x8a, 0x8a, 0x8a, 0x8a, 0x00, 0x00, 0x00, 0x8a, 0x8a, 0x8a, 0x8a, 0x8a, 0x8a, 0x8a, 0x8a, 0x8a, 0x8a, 0x8a, 0x00, 0x00, 0x00, 0x00, 0x0a, 0x0a, 0x0a, 0x8a, 0x8a, 0x8a, 0x8a, 0x8a, 0x0a, },
    /*0xd3*/{0x0a, 0x8a, 0x8a, 0x8a, 0x8a, 0x8a, 0x8a, 0x8a, 0x8a, 0x00, 0x00, 0x00, 0x8a, 0x8a, 0x8a, 0x8a, 0x8a, 0x8a, 0x8a, 0x8a, 0x8a, 0x8a, 0x8a, 0x00, 0x00, 0x00, 0x00, 0x0a, 0x0a, 0x0a, 0x8a, 0x8a, 0x8a, 0x8a, 0x8a, 0x0a, },
    /*0xd4*/{0x0a, 0x8a, 0x8a, 0x8a, 0x8a, 0x8a, 0x8a, 0x8a, 0x8a, 0x00, 0x00, 0x00, 0x8a, 0x8a, 0x8a, 0x8a, 0x8a, 0x8a, 0x8a, 0x8a, 0x8a, 0x8a, 0x8a, 0x00, 0x00, 0x00, 0x00, 0x0a, 0x0a, 0x0a, 0x8a, 0x8a, 0x8a, 0x8a, 0x8a, 0x0a, },
    /*0xd5*/{0x0a, 0x8a, 0x8a, 0x8a, 0x8a, 0x8a, 0x8a, 0x8a, 0x8a, 0x00, 0x00, 0x00, 0x8a, 0x8a, 0x8a, 0x8a, 0x8a, 0x8a, 0x8a, 0x8a, 0x8a, 0x8a, 0x8a, 0x00, 0x00, 0x00, 0x00, 0x0a, 0x0a, 0x0a, 0x8a, 0x8a, 0x8a, 0x8a, 0x8a, 0x0a, },
    /*0xd6*/{0x0a, 0x8a, 0x8a, 0x8a, 0x8a, 0x8a, 0x8a, 0x8a, 0x8a, 0x00, 0x00, 0x00, 0x8a, 0x8a, 0x8a, 0x8a, 0x8a, 0x8a, 0x8a, 0x8a, 0x8a, 0x8a, 0x8a, 0x00, 0x00, 0x00, 0x00, 0x0a, 0x0a, 0x0a, 0x8a, 0x8a, 0x8a, 0x8a, 0x8a, 0x0a, },
    /*0xd7*/{0x0a, 0x8a, 0x8a, 0x8a, 0x8a, 0x8a, 0x8a, 0x8a, 0x8a, 0x00, 0x00, 0x00, 0x8a, 0x8a, 0x8a, 0x8a, 0x8a, 0x8a, 0x8a, 0x8a, 0x8a, 0x8a, 0x8a, 0x00, 0x00, 0x00, 0x00, 0x0a, 0x0a, 0x0a, 0x8a, 0x8a, 0x8a, 0x8a, 0x8a, 0x0a, },
    /*0xd8*/{0x0a, 0x8a, 0x8a, 0x8a, 0x8a, 0x8a, 0x8a, 0x8a, 0x8a, 0x00, 0x00, 0x00, 0x8a, 0x8a, 0x8a, 0x8a, 0x8a, 0x8a, 0x8a, 0x8a, 0x8a, 0x8a, 0x8a, 0x00, 0x00, 0x00, 0x00, 0x0a, 0x0a, 0x0a, 0x8a, 0x8a, 0x8a, 0x8a, 0x8a, 0x0a, },
    /*0xd9*/{0x0a, 0x8a, 0x8a, 0x8a, 0x8a, 0x8a, 0x8a, 0x8a, 0x8a, 0x00, 0x00, 0x00, 0x8a, 0x8a, 0x8a, 0x8a, 0x8a, 0x8a, 0x8a, 0x8a, 0x8a, 0x8a, 0x8a, 0x00, 0x00, 0x00, 0x00, 0x0a, 0x0a, 0x0a, 0x8a, 0x8a, 0x8a, 0x8a, 0x8a, 0x0a, },
    /*0xda*/{0x0a, 0x8a, 0x8a, 0x8a, 0x8a, 0x8a, 0x8a, 0x8a, 0x8a, 0x00, 0x00, 0x00, 0x8a, 0x8a, 0x8a, 0x8a, 0x8a, 0x8a, 0x8a, 0x8a, 0x8a, 0x8a, 0x8a, 0x00, 0x00, 0x00, 0x00, 0x0a, 0x0a, 0x0a, 0x8a, 0x8a, 0x8a, 0x8a, 0x8a, 0x0a, },
    /*0xdb*/{0x0a, 0x8a, 0x8a, 0x8a, 0x8a, 0x8a, 0x8a, 0x8a, 0x8a, 0x00, 0x00, 0x00, 0x8a, 0x8a, 0x8a, 0x8a, 0x8a, 0x8a, 0x8a, 0x8a, 0x8a, 0x8a, 0x8a, 0x00, 0x00, 0x00, 0x00, 0x0a, 0x0a, 0x0a, 0x8a, 0x8a, 0x8a, 0x8a, 0x8a, 0x0a, },
    /*0xdc*/{0x0a, 0x8a, 0x8a, 0x8a, 0x8a, 0x8a, 0x8a, 0x8a, 0x8a, 0x00, 0x00, 0x00, 0x8a, 0x8a, 0x8a, 0x8a, 0x8a, 0x8a, 0x8a, 0x8a, 0x8a, 0x8a, 0x8a, 0x00, 0x00, 0x00, 0x00, 0x0a, 0x0a, 0x0a, 0x8a, 0x8a, 0x8a, 0x8a, 0x8a, 0x0a, },
    /*0xdd*/{0x0a, 0x8a, 0x8a, 0x8a, 0x8a, 0x8a, 0x8a, 0x8a, 0x8a, 0x00, 0x00, 0x00, 0x8a, 0x8a, 0x8a, 0x8a, 0x8a, 0x8a, 0x8a, 0x8a, 0x8a, 0x8a, 0x8a, 0x00, 0x00, 0x00, 0x00, 0x0a, 0x0a, 0x0a, 0x8a, 0x8a, 0x8a, 0x8a, 0x8a, 0x0a, },
    /*0xde*/{0x0a, 0x8a, 0x8a, 0x8a, 0x8a, 0x8a, 0x8a, 0x8a, 0x8a, 0x00, 0x00, 0x00, 0x8a, 0x8a, 0x8a, 0x8a, 0x8a, 0x8a, 0x8a, 0x8a, 0x8a, 0x8a, 0x8a, 0x00, 0x00, 0x00, 0x00, 0x0a, 0x0a, 0x0a, 0x8a, 0x8a, 0x8a, 0x8a, 0x8a, 0x0a, },
    /*0xdf*/{0x0a, 0x8a, 0x8a, 0x8a, 0x8a, 0x8a, 0x8a, 0x8a, 0x8a, 0x00, 0x00, 0x00, 0x8a, 0x8a, 0x8a, 0x8a, 0x8a, 0x8a, 0x8a, 0x8a, 0x8a, 0x8a, 0x8a, 0x00, 0x00, 0x00, 0x00, 0x0a, 0x0a, 0x0a, 0x8a, 0x8a, 0x8a, 0x8a, 0x8a, 0x0a, },
    /*0xe0*/{0x0a, 0x8a, 0x8a, 0x8a, 0x8a, 0x8a, 0x8a, 0x8a, 0x8a, 0x00, 0x00, 0x00, 0x8a, 0x8a, 0x8a, 0x8a, 0x8a, 0x8a, 0x8a, 0x8a, 0x8a, 0x8a, 0x8a, 0x00, 0x00, 0x00, 0x00, 0x0a, 0x0a, 0x0a, 0x8a, 0x8a, 0x8a, 0x8a, 0x8a, 0x0a, },
    /*0xe1*/{0x0a, 0x8a, 0x8a, 0x8a, 0x8a, 0x8a, 0x8a, 0x8a, 0x8a, 0x00, 0x00, 0x00, 0x8a, 0x8a, 0x8a, 0x8a, 0x8a, 0x8a, 0x8a, 0x8a, 0x8a, 0x8a, 0x8a, 0x00, 0x00, 0x00, 0x00, 0x0a, 0x0a, 0x0a, 0x8a, 0x8a, 0x8a, 0x8a, 0x8a, 0x0a, },
    /*0xe2*/{0x0a, 0x8a, 0x8a, 0x8a, 0x8a, 0x8a, 0x8a, 0x8a, 0x8a, 0x00, 0x00, 0x00, 0x8a, 0x8a, 0x8a, 0x8a, 0x8a, 0x8a, 0x8a, 0x8a, 0x8a, 0x8a, 0x8a, 0x00, 0x00, 0x00, 0x00, 0x0a, 0x0a, 0x0a, 0x8a, 0x8a, 0x8a, 0x8a, 0x8a, 0x0a, },
    /*0xe3*/{0x0a, 0x8a, 0x8a, 0x8a, 0x8a, 0x8a, 0x8a, 0x8a, 0x8a, 0x00, 0x00, 0x00, 0x8a, 0x8a, 0x8a, 0x8a, 0x8a, 0x8a, 0x8a, 0x8a, 0x8a, 0x8a, 0x8a, 0x00, 0x00, 0x00, 0x00, 0x0a, 0x0a, 0x0a, 0x8a, 0x8a, 0x8a, 0x8a, 0x8a, 0x0a, },
    /*0xe4*/{0x0a, 0x8a, 0x8a, 0x8a, 0x8a, 0x8a, 0x8a, 0x8a, 0x8a, 0x00, 0x00, 0x00, 0x8a, 0x8a, 0x8a, 0x8a, 0x8a, 0x8a, 0x8a, 0x8a, 0x8a, 0x8a, 0x8a, 0x00, 0x00, 0x00, 0x00, 0x0a, 0x0a, 0x0a, 0x8a, 0x8a, 0x8a, 0x8a, 0x8a, 0x0a, },
    /*0xe5*/{0x0a, 0x8a, 0x8a, 0x8a, 0x8a, 0x8a, 0x8a, 0x8a, 0x8a, 0x00, 0x00, 0x00, 0x8a, 0x8a, 0x8a, 0x8a, 0x8a, 0x8a, 0x8a, 0x8a, 0x8a, 0x8a, 0x8a, 0x00, 0x00, 0x00, 0x00, 0x0a, 0x0a, 0x0a, 0x8a, 0x8a, 0x8a, 0x8a, 0x8a, 0x0a, },
    /*0xe6*/{0x0a, 0x8a, 0x8a, 0x8a, 0x8a, 0x8a, 0x8a, 0x8a, 0x8a, 0x00, 0x00, 0x00, 0x8a, 0x8a, 0x8a, 0x8a, 0x8a, 0x8a, 0x8a, 0x8a, 0x8a, 0x8a, 0x8a, 0x00, 0x00, 0x00, 0x00, 0x0a, 0x0a, 0x0a, 0x8a, 0x8a, 0x8a, 0x8a, 0x8a, 0x0a, },
    /*0xe7*/{0x0a, 0x8a, 0x8a, 0x8a, 0x8a, 0x8a, 0x8a, 0x8a, 0x8a, 0x00, 0x00, 0x00, 0x8a, 0x8a, 0x8a, 0x8a, 0x8a, 0x8a, 0x8a, 0x8a, 0x8a, 0x8a, 0x8a, 0x00, 0x00, 0x00, 0x00, 0x0a, 0x0a, 0x0a, 0x8a, 0x8a, 0x8a, 0x8a, 0x8a, 0x0a, },
    /*0xe8*/{0x0a, 0x8a, 0x8a, 0x8a, 0x8a, 0x8a, 0x8a, 0x8a, 0x8a, 0x00, 0x00, 0x00, 0x8a, 0x8a, 0x8a, 0x8a, 0x8a, 0x8a, 0x8a, 0x8a, 0x8a, 0x8a, 0x8a, 0x00, 0x00, 0x00, 0x00, 0x0a, 0x0a, 0x0a, 0x8a, 0x8a, 0x8a, 0x8a, 0x8a, 0x0a, },
    /*0xe9*/{0x0a, 0x8a, 0x8a, 0x8a, 0x8a, 0x8a, 0x8a, 0x8a, 0x8a, 0x00, 0x00, 0x00, 0x8a, 0x8a, 0x8a, 0x8a, 0x8a, 0x8a, 0x8a, 0x8a, 0x8a, 0x8a, 0x8a, 0x00, 0x00, 0x00, 0x00, 0x0a, 0x0a, 0x0a, 0x8a, 0x8a, 0x8a, 0x8a, 0x8a, 0x0a, },
    /*0xea*/{0x0a, 0x8a, 0x8a, 0x8a, 0x8a, 0x8a, 0x8a, 0x8a, 0x8a, 0x00, 0x00, 0x00, 0x8a, 0x8a, 0x8a, 0x8a, 0x8a, 0x8a, 0x8a, 0x8a, 0x8a, 0x8a, 0x8a, 0x00, 0x00, 0x00, 0x00, 0x0a, 0x0a, 0x0a, 0x8a, 0x8a, 0x8a, 0x8a, 0x8a, 0x0a, },
    /*0xeb*/{0x0a, 0x8a, 0x8a, 0x8a, 0x8a, 0x8a, 0x8a, 0x8a, 0x8a, 0x00, 0x00, 0x00, 0x8a, 0x8a, 0x8a, 0x8a, 0x8a, 0x8a, 0x8a, 0x8a, 0x8a, 0x8a, 0x8a, 0x00, 0x00, 0x00, 0x00, 0x0a, 0x0a, 0x0a, 0x8a, 0x8a, 0x8a, 0x8a, 0x8a, 0x0a, },
    /*0xec*/{0x0a, 0x8a, 0x8a, 0x8a, 0x8a, 0x8a, 0x8a, 0x8a, 0x8a, 0x00, 0x00, 0x00, 0x8a, 0x8a, 0x8a, 0x8a, 0x8a, 0x8a, 0x8a, 0x8a, 0x8a, 0x8a, 0x8a, 0x00, 0x00, 0x00, 0x00, 0x0a, 0x0a, 0x0a, 0x8a, 0x8a, 0x8a, 0x8a, 0x8a, 0x0a, },
    /*0xed*/{0x0a, 0x8a, 0x8a, 0x8a, 0x8a, 0x8a, 0x8a, 0x8a, 0x8a, 0x00, 0x00, 0x00, 0x8a, 0x8a, 0x8a, 0x8a, 0x8a, 0x8a, 0x8a, 0x8a, 0x8a, 0x8a, 0x8a, 0x00, 0x00, 0x00, 0x00, 0x0a, 0x0a, 0x0a, 0x8a, 0x8a, 0x8a, 0x8a, 0x8a, 0x0a, },
    /*0xee*/{0x0a, 0x8a, 0x8a, 0x8a, 0x8a, 0x8a, 0x8a, 0x8a, 0x8a, 0x00, 0x00, 0x00, 0x8a, 0x8a, 0x8a, 0x8a, 0x8a, 0x8a, 0x8a, 0x8a, 0x8a, 0x8a, 0x8a, 0x00, 0x00, 0x00, 0x00, 0x0a, 0x0a, 0x0a, 0x8a, 0x8a, 0x8a, 0x8a, 0x8a, 0x0a, },
    /*0xef*/{0x0a, 0x8a, 0x8a, 0x8a, 0x8a, 0x8a, 0x8a, 0x8a, 0x8a, 0x00, 0x00, 0x00, 0x8a, 0x8a, 0x8a, 0x8a, 0x8a, 0x8a, 0x8a, 0x8a, 0x8a, 0x8a, 0x8a, 0x00, 0x00, 0x00, 0x00, 0x0a, 0x0a, 0x0a, 0x8a, 0x8a, 0x8a, 0x8a, 0x8a, 0x0a, },
    /*0xf0*/{0x0a, 0x8a, 0x8a, 0x8a, 0x8a, 0x8a, 0x8a, 0x8a, 0x8a, 0x00, 0x00, 0x00, 0x8a, 0x8a, 0x8a, 0x8a, 0x8a, 0x8a, 0x8a, 0x8a, 0x8a, 0x8a, 0x8a, 0x00, 0x00, 0x00, 0x00, 0x0a, 0x0a, 0x0a, 0x8a, 0x8a, 0x8a, 0x8a, 0x8a, 0x0a, },
    /*0xf1*/{0x0a, 0x8a, 0x8a, 0x8a, 0x8a, 0x8a, 0x8a, 0x8a, 0x8a, 0x00, 0x00, 0x00, 0x8a, 0x8a, 0x8a, 0x8a, 0x8a, 0x8a, 0x8a, 0x8a, 0x8a, 0x8a, 0x8a, 0x00, 0x00, 0x00, 0x00, 0x0a, 0x0a, 0x0a, 0x8a, 0x8a, 0x8a, 0x8a, 0x8a, 0x0a, },
    /*0xf2*/{0x0a, 0x8a, 0x8a, 0x8a, 0x8a, 0x8a, 0x8a, 0x8a, 0x8a, 0x00, 0x00, 0x00, 0x8a, 0x8a, 0x8a, 0x8a, 0x8a, 0x8a, 0x8a, 0x8a, 0x8a, 0x8a, 0x8a, 0x00, 0x00, 0x00, 0x00, 0x0a, 0x0a, 0x0a, 0x8a, 0x8a, 0x8a, 0x8a, 0x8a, 0x0a, },
    /*0xf3*/{0x0a, 0x8a, 0x8a, 0x8a, 0x8a, 0x8a, 0x8a, 0x8a, 0x8a, 0x00, 0x00, 0x00, 0x8a, 0x8a, 0x8a, 0x8a, 0x8a, 0x8a, 0x8a, 0x8a, 0x8a, 0x8a, 0x8a, 0x00, 0x00, 0x00, 0x00, 0x0a, 0x0a, 0x0a, 0x8a, 0x8a, 0x8a, 0x8a, 0x8a, 0x0a, },
    /*0xf4*/{0x0a, 0x8a, 0x8a, 0x8a, 0x8a, 0x8a, 0x8a, 0x8a, 0x8a, 0x00, 0x00, 0x00, 0x8a, 0x8a, 0x8a, 0x8a, 0x8a, 0x8a, 0x8a, 0x8a, 0x8a, 0x8a, 0x8a, 0x00, 0x00, 0x00, 0x00, 0x0a, 0x0a, 0x0a, 0x8a, 0x8a, 0x8a, 0x8a, 0x8a, 0x0a, },
    /*0xf5*/{0x0a, 0x8a, 0x8a, 0x8a, 0x8a, 0x8a, 0x8a, 0x8a, 0x8a, 0x00, 0x00, 0x00, 0x8a, 0x8a, 0x8a, 0x8a, 0x8a, 0x8a, 0x8a, 0x8a, 0x8a, 0x8a, 0x8a, 0x00, 0x00, 0x00, 0x00, 0x0a, 0x0a, 0x0a, 0x8a, 0x8a, 0x8a, 0x8a, 0x8a, 0x0a, },
    /*0xf6*/{0x0a, 0x8a, 0x8a, 0x8a, 0x8a, 0x8a, 0x8a, 0x8a, 0x8a, 0x00, 0x00, 0x00, 0x8a, 0x8a, 0x8a, 0x8a, 0x8a, 0x8a, 0x8a, 0x8a, 0x8a, 0x8a, 0x8a, 0x00, 0x00, 0x00, 0x00, 0x0a, 0x0a, 0x0a, 0x8a, 0x8a, 0x8a, 0x8a, 0x8a, 0x0a, },
    /*0xf7*/{0x0a, 0x8a, 0x8a, 0x8a, 0x8a, 0x8a, 0x8a, 0x8a, 0x8a, 0x00, 0x00, 0x00, 0x8a, 0x8a, 0x8a, 0x8a, 0x8a, 0x8a, 0x8a, 0x8a, 0x8a, 0x8a, 0x8a, 0x00, 0x00, 0x00, 0x00, 0x0a, 0x0a, 0x0a, 0x8a, 0x8a, 0x8a, 0x8a, 0x8a, 0x0a, },
    /*0xf8*/{0x0a, 0x8a, 0x8a, 0x8a, 0x8a, 0x8a, 0x8a, 0x8a, 0x8a, 0x00, 0x00, 0x00, 0x8a, 0x8a, 0x8a, 0x8a, 0x8a, 0x8a, 0x8a, 0x8a, 0x8a, 0x8a, 0x8a, 0x00, 0x00, 0x00, 0x00, 0x0a, 0x0a, 0x0a, 0x8a, 0x8a, 0x8a, 0x8a, 0x8a, 0x0a, },
    /*0xf9*/{0x0a, 0x8a, 0x8a, 0x8a, 0x8a, 0x8a, 0x8a, 0x8a, 0x8a, 0x00, 0x00, 0x00, 0x8a, 0x8a, 0x8a, 0x8a, 0x8a, 0x8a, 0x8a, 0x8a, 0x8a, 0x8a, 0x8a, 0x00, 0x00, 0x00, 0x00, 0x0a, 0x0a, 0x0a, 0x8a, 0x8a, 0x8a, 0x8a, 0x8a, 0x0a, },
    /*0xfa*/{0x0a, 0x8a, 0x8a, 0x8a, 0x8a, 0x8a, 0x8a, 0x8a, 0x8a, 0x00, 0x00, 0x00, 0x8a, 0x8a, 0x8a, 0x8a, 0x8a, 0x8a, 0x8a, 0x8a, 0x8a, 0x8a, 0x8a, 0x00, 0x00, 0x00, 0x00, 0x0a, 0x0a, 0x0a, 0x8a, 0x8a, 0x8a, 0x8a, 0x8a, 0x0a, },
    /*0xfb*/{0x0a, 0x8a, 0x8a, 0x8a, 0x8a, 0x8a, 0x8a, 0x8a, 0x8a, 0x00, 0x00, 0x00, 0x8a, 0x8a, 0x8a, 0x8a, 0x8a, 0x8a, 0x8a, 0x8a, 0x8a, 0x8a, 0x8a, 0x00, 0x00, 0x00, 0x00, 0x0a, 0x0a, 0x0a, 0x8a, 0x8a, 0x8a, 0x8a, 0x8a, 0x0a, },
    /*0xfc*/{0x0a, 0x8a, 0x8a, 0x8a, 0x8a, 0x8a, 0x8a, 0x8a, 0x8a, 0x00, 0x00, 0x00, 0x8a, 0x8a, 0x8a, 0x8a, 0x8a, 0x8a, 0x8a, 0x8a, 0x8a, 0x8a, 0x8a, 0x00, 0x00, 0x00, 0x00, 0x0a, 0x0a, 0x0a, 0x8a, 0x8a, 0x8a, 0x8a, 0x8a, 0x0a, },
    /*0xfd*/{0x0a, 0x8a, 0x8a, 0x8a, 0x8a, 0x8a, 0x8a, 0x8a, 0x8a, 0x00, 0x00, 0x00, 0x8a, 0x8a, 0x8a, 0x8a, 0x8a, 0x8a, 0x8a, 0x8a, 0x8a, 0x8a, 0x8a, 0x00, 0x00, 0x00, 0x00, 0x0a, 0x0a, 0x0a, 0x8a, 0x8a, 0x8a, 0x8a, 0x8a, 0x0a, },
    /*0xfe*/{0x0a, 0x8a, 0x8a, 0x8a, 0x8a, 0x8a, 0x8a, 0x8a, 0x8a, 0x00, 0x00, 0x00, 0x8a, 0x8a, 0x8a, 0x8a, 0x8a, 0x8a, 0x8a, 0x8a, 0x8a, 0x8a, 0x8a, 0x00, 0x00, 0x00, 0x00, 0x0a, 0x0a, 0x0a, 0x8a, 0x8a, 0x8a, 0x8a, 0x8a, 0x0a, },
    /*0xff*/{0x0a, 0x8a, 0x8a, 0x8a, 0x8a, 0x8a, 0x8a, 0x8a, 0x8a, 0x00, 0x00, 0x00, 0x8a, 0x8a, 0x8a, 0x8a, 0x8a, 0x8a, 0x8a, 0x8a, 0x8a, 0x8a, 0x8a, 0x00, 0x00, 0x00, 0x00, 0x0a, 0x0a, 0x0a, 0x8a, 0x8a, 0x8a, 0x8a, 0x8a, 0x0a, },
};

